-- Generation time: Sun, 20 Sep 2020 08:19:25 +0000
-- Host: mysql.hostinger.ro
-- DB name: u574849695_25
/*!40030 SET NAMES UTF8 */;
/*!40101 SET @OLD_CHARACTER_SET_CLIENT=@@CHARACTER_SET_CLIENT */;
/*!40101 SET @OLD_CHARACTER_SET_RESULTS=@@CHARACTER_SET_RESULTS */;
/*!40101 SET @OLD_COLLATION_CONNECTION=@@COLLATION_CONNECTION */;
/*!40103 SET @OLD_TIME_ZONE=@@TIME_ZONE */;
/*!40103 SET TIME_ZONE='+00:00' */;
/*!40014 SET @OLD_UNIQUE_CHECKS=@@UNIQUE_CHECKS, UNIQUE_CHECKS=0 */;
/*!40014 SET @OLD_FOREIGN_KEY_CHECKS=@@FOREIGN_KEY_CHECKS, FOREIGN_KEY_CHECKS=0 */;
/*!40101 SET @OLD_SQL_MODE=@@SQL_MODE, SQL_MODE='NO_AUTO_VALUE_ON_ZERO' */;
/*!40111 SET @OLD_SQL_NOTES=@@SQL_NOTES, SQL_NOTES=0 */;

DROP TABLE IF EXISTS `actors`;
CREATE TABLE `actors` (
  `id` int(10) unsigned NOT NULL AUTO_INCREMENT,
  `name` varchar(100) COLLATE utf8_unicode_ci DEFAULT NULL,
  `gender` char(1) COLLATE utf8_unicode_ci DEFAULT NULL,
  `birthday` date DEFAULT NULL,
  PRIMARY KEY (`id`),
  KEY `name` (`name`)
) ENGINE=InnoDB AUTO_INCREMENT=101 DEFAULT CHARSET=utf8 COLLATE=utf8_unicode_ci;

INSERT INTO `actors` VALUES ('1','Delfina Legros','f','2012-06-27'),
('2','Ms. Trudie Padberg','f','1993-10-29'),
('3','Garett Nolan PhD','f','1990-07-18'),
('4','Mylene Gottlieb','f','1976-12-14'),
('5','Dr. Santa Cruickshank PhD','f','2002-09-20'),
('6','Ole McGlynn','f','2016-07-12'),
('7','Adan Nitzsche','m','1982-06-17'),
('8','Annetta Glover','m','1992-08-08'),
('9','Monique Jones','m','1980-03-15'),
('10','Fiona Flatley','f','2007-03-07'),
('11','Danial Greenfelder','f','2013-12-30'),
('12','Cassandra Rippin DDS','m','1991-11-26'),
('13','Ezekiel Botsford','m','1973-10-08'),
('14','Prof. Ethan Beer DVM','m','2005-06-14'),
('15','Vern Kilback','m','1988-08-05'),
('16','Mr. Dell Macejkovic','f','1974-11-22'),
('17','Dr. Rae Schultz','f','1977-01-22'),
('18','Britney O\'Keefe II','m','2003-10-25'),
('19','Lilian Kautzer','f','1989-12-01'),
('20','Zetta Carter','f','2010-08-30'),
('21','Rosie Cremin V','m','2003-02-26'),
('22','Don Kreiger','f','1977-03-14'),
('23','Ashley Schiller','f','1988-05-30'),
('24','Mr. Eric Hickle','m','2004-04-08'),
('25','Jovani Zboncak DVM','m','2020-05-30'),
('26','Kenna Nolan','m','1981-07-29'),
('27','Dr. Garret Stracke III','m','1972-08-29'),
('28','Dr. Hollis Blanda III','f','1976-07-24'),
('29','Maude Gleason MD','f','1973-02-15'),
('30','Meta Halvorson','f','2003-10-31'),
('31','Pearline Glover Sr.','m','2011-11-22'),
('32','Jackeline Hilpert','m','1980-08-04'),
('33','Stephanie Hermiston','f','2018-02-26'),
('34','Wallace Kutch','f','2012-03-03'),
('35','Ms. Genesis Balistreri DDS','m','1974-11-03'),
('36','Prof. Kory Bashirian','m','1970-02-05'),
('37','Arvid Champlin','f','2002-06-20'),
('38','Ms. Lillian Adams V','f','2010-09-16'),
('39','Meda Howell','m','1984-10-12'),
('40','Linnie Langworth I','m','1998-07-28'),
('41','Prof. Gideon Gusikowski','f','1986-01-17'),
('42','Julie Muller','f','1994-05-22'),
('43','Cristobal Bradtke','f','1975-11-07'),
('44','Duncan Buckridge III','m','1982-02-19'),
('45','Eldora Schuster IV','f','2003-03-03'),
('46','Ms. Dana Schowalter IV','f','1972-12-10'),
('47','Mr. Guido Bayer','f','2012-01-20'),
('48','Miss Josephine Carroll','f','1977-08-08'),
('49','Kaya DuBuque','f','2012-01-06'),
('50','Jailyn Murazik','m','2006-06-27'),
('51','Mr. Bill Nolan','f','1980-01-30'),
('52','Sydnee Schimmel','f','2011-06-21'),
('53','Carlee Reynolds','m','2009-10-28'),
('54','Mae Cormier','m','2015-02-14'),
('55','Geraldine Lindgren','f','1999-05-21'),
('56','Deonte Thiel','m','2005-09-09'),
('57','Loren Fay','m','1977-09-13'),
('58','Mr. Rusty Hudson DDS','m','1991-03-12'),
('59','Braxton Schulist','f','1993-04-18'),
('60','Abel Schiller','m','2015-02-08'),
('61','Junior Jacobson','f','1992-11-16'),
('62','Rachelle Lynch','m','2007-09-13'),
('63','Andre Wuckert Jr.','m','1985-01-17'),
('64','Mr. Gordon Fadel DDS','m','1994-12-31'),
('65','Madie King','f','2006-02-07'),
('66','Dr. Regan Effertz I','f','1997-10-13'),
('67','Meghan VonRueden','m','1974-12-06'),
('68','Mrs. Esta Halvorson MD','f','1995-05-20'),
('69','Zack Schmitt','f','2013-04-09'),
('70','Johnny Dibbert','f','1995-07-23'),
('71','Johnson Schmidt','m','1999-05-14'),
('72','Wellington Purdy','f','2015-09-20'),
('73','Mrs. Lulu Williamson','m','2012-02-29'),
('74','Una Gusikowski','m','2000-06-19'),
('75','Prof. Lawson Schulist','f','1974-05-26'),
('76','Valerie Turcotte','f','1998-09-16'),
('77','Adriel Jacobi','f','1993-08-12'),
('78','Prof. Gregory Dooley DDS','f','2015-07-09'),
('79','Eudora Leannon MD','f','1978-08-13'),
('80','Estefania Gibson','f','2007-02-12'),
('81','Maegan Bradtke IV','f','1996-04-09'),
('82','Martine Waelchi','m','1970-06-23'),
('83','Miss Annabelle Quitzon','f','1981-11-29'),
('84','Prof. Irwin Larson DDS','f','1991-10-04'),
('85','Dr. Bernadette Little V','m','1979-02-28'),
('86','Mozell Shanahan','f','2000-12-01'),
('87','Solon Wisoky','f','1988-08-25'),
('88','Miss Rhianna Sawayn','m','1983-07-01'),
('89','Giovani Schmitt','m','1970-08-07'),
('90','Timmothy Schimmel','m','2011-04-09'),
('91','Prof. Otto Schinner','f','2017-04-30'),
('92','Adele Wuckert V','m','2013-09-15'),
('93','Toney Moore','m','2010-11-29'),
('94','Dorothea Spencer','m','1994-04-20'),
('95','Lila Harvey','f','1972-09-20'),
('96','Jamar Bernier','m','1987-01-18'),
('97','Eulah Beahan','f','1995-11-10'),
('98','Dr. Marcelina Lowe','m','2008-11-25'),
('99','Deven Jacobi','f','2008-08-02'),
('100','Miss Aida Cronin','f','1994-12-05'); 


DROP TABLE IF EXISTS `casts`;
CREATE TABLE `casts` (
  `actor_id` int(10) unsigned NOT NULL,
  `movie_id` int(10) unsigned NOT NULL,
  `role` varchar(100) COLLATE utf8_unicode_ci DEFAULT NULL,
  PRIMARY KEY (`actor_id`,`movie_id`),
  KEY `movie_id` (`movie_id`),
  KEY `role` (`role`),
  CONSTRAINT `casts_ibfk_1` FOREIGN KEY (`actor_id`) REFERENCES `actors` (`id`) ON DELETE CASCADE,
  CONSTRAINT `casts_ibfk_2` FOREIGN KEY (`movie_id`) REFERENCES `movies` (`id`) ON DELETE CASCADE
) ENGINE=InnoDB DEFAULT CHARSET=utf8 COLLATE=utf8_unicode_ci;

INSERT INTO `casts` VALUES ('65','65','ad'),
('68','68','adipisci'),
('59','59','architecto'),
('63','63','architecto'),
('24','24','at'),
('84','84','atque'),
('13','13','aut'),
('69','69','beatae'),
('8','8','consequatur'),
('60','60','consequatur'),
('78','78','culpa'),
('74','74','cum'),
('62','62','debitis'),
('21','21','delectus'),
('86','86','deserunt'),
('20','20','distinctio'),
('18','18','dolor'),
('48','48','dolores'),
('42','42','dolorum'),
('37','37','ea'),
('53','53','eligendi'),
('64','64','enim'),
('26','26','error'),
('31','31','esse'),
('4','4','est'),
('35','35','est'),
('11','11','et'),
('19','19','et'),
('33','33','et'),
('88','88','et'),
('46','46','eum'),
('67','67','excepturi'),
('47','47','expedita'),
('50','50','fuga'),
('79','79','fuga'),
('15','15','id'),
('14','14','illo'),
('43','43','illum'),
('95','95','impedit'),
('92','92','in'),
('83','83','ipsum'),
('27','27','iste'),
('51','51','labore'),
('76','76','labore'),
('28','28','magnam'),
('99','99','modi'),
('71','71','mollitia'),
('1','1','nam'),
('9','9','natus'),
('5','5','nihil'),
('16','16','nihil'),
('10','10','nobis'),
('49','49','non'),
('58','58','non'),
('100','100','nostrum'),
('17','17','nulla'),
('12','12','omnis'),
('55','55','omnis'),
('72','72','optio'),
('3','3','pariatur'),
('6','6','perspiciatis'),
('61','61','perspiciatis'),
('82','82','placeat'),
('32','32','provident'),
('38','38','quae'),
('34','34','quaerat'),
('52','52','quaerat'),
('54','54','quam'),
('7','7','qui'),
('36','36','qui'),
('81','81','quia'),
('90','90','quia'),
('91','91','quia'),
('98','98','quia'),
('44','44','quo'),
('93','93','quo'),
('40','40','quos'),
('2','2','reiciendis'),
('56','56','rerum'),
('70','70','rerum'),
('66','66','sed'),
('77','77','sed'),
('89','89','sed'),
('22','22','sequi'),
('39','39','sint'),
('85','85','sint'),
('23','23','sit'),
('29','29','sit'),
('41','41','sit'),
('80','80','sunt'),
('96','96','sunt'),
('87','87','ullam'),
('25','25','ut'),
('57','57','ut'),
('75','75','ut'),
('97','97','vel'),
('30','30','voluptas'),
('45','45','voluptas'),
('73','73','voluptatem'),
('94','94','voluptatibus'); 


DROP TABLE IF EXISTS `directors`;
CREATE TABLE `directors` (
  `id` int(10) unsigned NOT NULL AUTO_INCREMENT,
  `name` varchar(100) COLLATE utf8_unicode_ci DEFAULT NULL,
  `birthday` date DEFAULT NULL,
  `gender` char(1) COLLATE utf8_unicode_ci DEFAULT NULL,
  PRIMARY KEY (`id`),
  KEY `name` (`name`)
) ENGINE=InnoDB AUTO_INCREMENT=101 DEFAULT CHARSET=utf8 COLLATE=utf8_unicode_ci;

INSERT INTO `directors` VALUES ('1','Miss Cindy Reinger','1985-07-19','f'),
('2','Raven Dickens MD','2004-01-13','m'),
('3','Horacio Torp DVM','1975-07-02','f'),
('4','Evie Streich','1994-05-30','f'),
('5','Dr. Kraig Fay','2003-05-07','f'),
('6','Prof. Adella Lakin II','1995-02-06','m'),
('7','Prof. Erick Watsica','2018-06-09','f'),
('8','Alisa Hagenes Sr.','1984-09-14','m'),
('9','Scarlett Prosacco','2016-08-23','m'),
('10','Deonte Padberg','1989-02-22','m'),
('11','Prof. Anita Maggio III','2005-06-28','f'),
('12','Clarissa Lemke','1979-02-17','f'),
('13','Domenico Gutmann DVM','1995-11-15','f'),
('14','Maurine Kihn PhD','1979-10-04','f'),
('15','Aaron Wuckert','1987-02-06','m'),
('16','Prof. Cody Bailey','1998-01-17','m'),
('17','Raul Zulauf','1974-11-27','m'),
('18','Prof. Gussie Schaden Jr.','1995-09-30','f'),
('19','Regan Spencer','2015-11-09','f'),
('20','Dr. Serenity Heller MD','2012-10-16','f'),
('21','Prof. Landen Hoppe Jr.','1996-12-02','m'),
('22','Florence Kassulke','1983-03-17','f'),
('23','Ms. Millie Flatley','1976-08-18','f'),
('24','Kylie Metz','1978-11-26','f'),
('25','Evans Cremin','1982-09-25','f'),
('26','Hank Ankunding','2018-09-15','f'),
('27','Tess Leuschke','2015-12-27','f'),
('28','Easton Kuhn','1985-04-17','m'),
('29','Kaylee Bartell','2002-08-12','f'),
('30','Prof. Forest Marks','1993-09-16','f'),
('31','Prof. Mavis Dooley I','1989-05-15','m'),
('32','Valerie Bahringer PhD','1983-05-17','f'),
('33','Miss Tabitha Wilderman','2017-12-13','f'),
('34','Mylene Will','2016-07-19','m'),
('35','Melisa Stracke','1995-01-01','m'),
('36','Leann Auer V','2005-03-14','m'),
('37','Noelia Predovic','2017-06-22','m'),
('38','Mr. Edwin Haag','2019-10-22','m'),
('39','Brent Kulas','2010-11-25','m'),
('40','Flavie Kunde','1977-08-03','f'),
('41','Caesar Lemke','1995-04-23','f'),
('42','Dr. Bennett Ledner','1980-08-28','m'),
('43','Prof. Adrian Schimmel IV','1983-04-09','m'),
('44','Shad Champlin DVM','1979-10-31','f'),
('45','Damaris Williamson','2001-01-31','m'),
('46','Angela Goyette','2011-06-22','m'),
('47','Prof. Euna Jast','2013-12-09','f'),
('48','Monty Thiel','2001-09-27','m'),
('49','Ashlee Watsica','2001-04-03','m'),
('50','Maye Stanton Jr.','2016-09-15','f'),
('51','Dr. Donato Greenfelder','1973-04-28','f'),
('52','Rudolph Schroeder','2018-12-12','f'),
('53','Rodrigo Gleason','1997-08-07','f'),
('54','Paula Zulauf','2007-04-26','m'),
('55','Ole Rosenbaum','1986-12-21','m'),
('56','Imogene Ward IV','1985-10-07','m'),
('57','Prof. Jordane Greenholt DVM','1981-11-11','f'),
('58','Katelynn O\'Hara','1975-08-05','m'),
('59','Zackary Romaguera V','1990-04-26','f'),
('60','Pedro Kohler','2003-09-21','m'),
('61','Baby Jerde','1977-05-24','f'),
('62','Rhea Tromp','1994-11-04','f'),
('63','Gwen Nicolas','2017-04-21','m'),
('64','Ramon Collins','1999-03-02','f'),
('65','Prof. Cecil Padberg','1993-01-29','m'),
('66','Dr. Misty Kemmer DDS','2000-02-14','f'),
('67','Carmelo Marks','1973-01-01','m'),
('68','Erica Lubowitz','2020-07-30','m'),
('69','Aubree Dibbert III','1985-09-13','m'),
('70','Eliezer Kunde','1982-03-04','f'),
('71','Ilene Gerhold','1981-01-04','f'),
('72','Jimmy Crist I','2012-01-22','m'),
('73','Carmella Kuhic','1988-03-01','m'),
('74','Kaylin Shanahan','2011-01-07','m'),
('75','Mr. Adalberto Mohr','1978-06-27','f'),
('76','Margarita Roberts','1974-07-06','m'),
('77','Tiara Bergstrom','2011-08-11','f'),
('78','Lorenza Howe','2016-10-16','m'),
('79','Marianne Lind III','2013-06-18','f'),
('80','Rex Hayes','2006-11-03','f'),
('81','Kariane Gaylord DDS','1980-03-04','m'),
('82','Korey Nader II','2000-06-11','m'),
('83','Janick Barton PhD','1995-09-06','m'),
('84','Marlene Fadel','1993-05-04','m'),
('85','Tobin D\'Amore','2012-01-29','m'),
('86','Dolly Bartoletti','2018-04-28','f'),
('87','Nella Howe','1985-10-19','m'),
('88','Cordia Lueilwitz','2002-11-05','f'),
('89','Aubrey Cronin DDS','1998-06-23','f'),
('90','Abbie Boehm','1989-07-05','f'),
('91','Ernesto Runolfsson II','2010-10-18','m'),
('92','Ms. Laney Howe MD','1996-04-29','f'),
('93','Elisha Eichmann','1994-04-16','f'),
('94','Dr. Demarcus Steuber','2009-07-11','f'),
('95','Genoveva Hintz','2007-10-06','f'),
('96','Vivienne Rath','2011-10-30','m'),
('97','Prof. Federico Marvin','1997-11-30','m'),
('98','Darien Steuber','1981-12-26','m'),
('99','Miss Heather Keeling','1988-05-02','f'),
('100','Ms. Myrna Rogahn','1971-04-16','m'); 


DROP TABLE IF EXISTS `genres`;
CREATE TABLE `genres` (
  `id` int(10) unsigned NOT NULL AUTO_INCREMENT,
  `name` varchar(100) COLLATE utf8_unicode_ci NOT NULL,
  PRIMARY KEY (`id`),
  UNIQUE KEY `name` (`name`)
) ENGINE=InnoDB AUTO_INCREMENT=22 DEFAULT CHARSET=utf8 COLLATE=utf8_unicode_ci;

INSERT INTO `genres` VALUES ('21','amet'),
('9','asperiores'),
('17','aut'),
('1','blanditiis'),
('5','consequuntur'),
('20','dicta'),
('10','dolor'),
('3','ducimus'),
('19','et'),
('7','id'),
('13','maiores'),
('2','maxime'),
('15','necessitatibus'),
('12','qui'),
('18','quo'),
('14','repudiandae'),
('4','sit'),
('16','unde'),
('8','ut'),
('6','vero'),
('11','voluptas'); 


DROP TABLE IF EXISTS `movies`;
CREATE TABLE `movies` (
  `id` int(10) unsigned NOT NULL AUTO_INCREMENT,
  `title` varchar(100) COLLATE utf8_unicode_ci DEFAULT NULL,
  `release_date` date DEFAULT NULL,
  `director_id` int(10) unsigned DEFAULT NULL,
  `budget` int(11) DEFAULT NULL,
  `rating` decimal(2,1) DEFAULT NULL,
  PRIMARY KEY (`id`),
  KEY `director_id` (`director_id`),
  KEY `title` (`title`),
  CONSTRAINT `movies_ibfk_1` FOREIGN KEY (`director_id`) REFERENCES `directors` (`id`) ON DELETE SET NULL
) ENGINE=InnoDB AUTO_INCREMENT=101 DEFAULT CHARSET=utf8 COLLATE=utf8_unicode_ci;

INSERT INTO `movies` VALUES ('1','Aut maiores iusto maiores quo sunt nostrum est.','1979-12-18','1','1354618','9.9'),
('2','Atque vel aut veritatis ut asperiores voluptate.','1995-02-20','2','19175640','9.9'),
('3','Mollitia asperiores et tenetur cumque vitae.','2012-03-31','3','34666120','9.9'),
('4','Ipsum eum eos tempore et voluptatum.','1997-02-16','4','1039930','0.0'),
('5','Voluptatem voluptatem non eos iure.','2008-09-14','5','495096','0.0'),
('6','Et consequatur sunt et sit beatae.','2009-05-28','6','633422','9.9'),
('7','Aut vel est sequi eaque.','2004-07-22','7','957826','9.9'),
('8','Nobis id error aperiam nostrum rerum in dolor.','2003-08-09','8','493937051','9.9'),
('9','Consequuntur nobis natus cum.','2007-03-25','9','59071044','9.9'),
('10','Pariatur in voluptas autem doloribus ut sit.','2004-07-10','10','80993','9.9'),
('11','Ut quod numquam velit aut consectetur qui.','2012-01-27','11','3085708','9.9'),
('12','Veniam quam veritatis nulla et.','1980-06-16','12','1386462','9.0'),
('13','Corporis minus et commodi tenetur assumenda modi numquam.','2017-01-31','13','369543','9.9'),
('14','Soluta autem facilis dignissimos facere cum laudantium.','1970-04-08','14','67472518','9.9'),
('15','Aperiam dolorem saepe molestiae.','2006-01-17','15','1282742','9.9'),
('16','Et qui non est enim velit rerum beatae.','1988-10-26','16','743827','9.9'),
('17','Aliquid aut sunt error odit.','2009-11-23','17','881073','9.9'),
('18','Cum facere autem consequatur dolor ullam quasi asperiores.','1989-02-20','18','1144589','9.9'),
('19','Impedit sed fugit vitae excepturi rerum id.','2004-10-12','19','1068700','9.9'),
('20','Voluptatum vel quasi fugiat consectetur debitis sit.','1970-09-24','20','1131236','3.0'),
('21','Cum aut eum cumque necessitatibus eligendi temporibus.','1989-05-30','21','4714083','9.9'),
('22','Veritatis autem voluptatum sed in laboriosam consequatur unde.','1979-02-23','22','263682','9.9'),
('23','Optio distinctio est aliquid autem labore nulla sed necessitatibus.','2002-11-30','23','363854219','9.9'),
('24','Vel quam ut aliquam sed.','1997-08-11','24','152264','9.0'),
('25','Sit reprehenderit fugiat at architecto provident similique nemo reiciendis.','1978-09-08','25','1352818','4.0'),
('26','Impedit architecto aperiam vel maiores maxime ut.','1973-09-11','26','1316226','9.9'),
('27','Aspernatur minus dolor qui adipisci illum.','1986-02-02','27','604217','9.0'),
('28','Eos tempora magnam mollitia.','1986-07-07','28','1318244','9.9'),
('29','Omnis ipsam atque rerum et sunt recusandae quaerat.','2020-06-30','29','444448','9.9'),
('30','Quod ex aspernatur maiores sit laboriosam quisquam.','2016-06-20','30','865759','9.9'),
('31','Non est velit ipsa necessitatibus.','2003-01-26','31','1063172','9.9'),
('32','Quo soluta sequi delectus consectetur et.','1984-07-20','32','151205','9.9'),
('33','Dolorem voluptatem pariatur voluptatibus ut blanditiis totam.','1971-08-15','33','8512545','6.0'),
('34','Facere accusamus id excepturi officia.','1974-01-07','34','5244','9.9'),
('35','Dolores sit eius quasi.','2013-10-21','35','234795','9.9'),
('36','Ea suscipit architecto voluptatem distinctio adipisci iusto et.','1970-02-02','36','719925','9.9'),
('37','Vero et porro laboriosam dolores voluptate ducimus qui.','1986-03-08','37','5039898','9.9'),
('38','Sed neque quis rerum dicta.','2019-04-05','38','1461127','0.0'),
('39','Architecto quo officiis nihil.','1982-04-21','39','12074034','9.9'),
('40','Error dolores deleniti ipsa dolorem quos iure.','1997-03-25','40','132157','9.9'),
('41','Rerum ea libero in quaerat eveniet sapiente.','2010-05-20','41','2641089','9.9'),
('42','Repellendus asperiores excepturi recusandae.','2002-03-13','42','1046925','9.9'),
('43','Pariatur placeat rerum perspiciatis vel.','2008-05-16','43','623181','9.9'),
('44','Maxime sit libero laudantium dolorum et.','2006-06-23','44','873763','3.0'),
('45','Qui repellat repellendus culpa ex voluptatibus reprehenderit quia.','1973-08-11','45','4440403','9.9'),
('46','Libero commodi dolorum asperiores maxime quos nesciunt.','1977-03-06','46','74629147','8.0'),
('47','Eligendi et reiciendis nemo.','1975-01-01','47','116621','9.9'),
('48','Facere reprehenderit eaque perferendis ut est nemo facere.','2020-04-01','48','9910858','9.9'),
('49','Commodi voluptates nihil veniam.','1982-06-20','49','222668226','9.9'),
('50','Iste velit voluptatem error consequatur laudantium.','1983-11-25','50','6228042','9.9'),
('51','Eveniet eius officiis laudantium dolorem iure rerum qui.','1972-01-05','51','881766','9.9'),
('52','Aspernatur voluptas magni et eveniet odit repellat maiores.','1988-06-13','52','960771','0.0'),
('53','Dolor vel omnis possimus adipisci voluptatem sunt quas.','2001-09-04','53','425822','9.9'),
('54','Quasi excepturi iusto debitis velit eveniet.','2012-09-18','54','5993920','9.9'),
('55','Voluptatem excepturi facilis ut et.','1990-05-11','55','414179','9.9'),
('56','Nisi cum autem non quia.','1974-05-30','56','1664463','9.9'),
('57','Reprehenderit occaecati facere nisi iure.','1997-09-28','57','383772786','4.0'),
('58','Accusantium quod nam blanditiis et.','2013-09-26','58','1034136','9.9'),
('59','Et est iure doloribus omnis laborum aperiam.','1994-07-22','59','686125','9.9'),
('60','Possimus ea molestiae aperiam omnis.','2014-11-09','60','438428482','7.0'),
('61','Ut qui earum illum aperiam eius.','2014-09-25','61','1354547','9.9'),
('62','Enim possimus modi optio eos dicta in.','2002-04-22','62','601235','2.0'),
('63','Impedit delectus veritatis suscipit maiores laboriosam nemo.','2010-12-27','63','1018755','2.0'),
('64','Quo voluptates earum ut est accusantium.','2013-05-26','64','1227','9.9'),
('65','Provident sunt porro rem dolores sunt perspiciatis aut.','2003-04-25','65','3185803','9.9'),
('66','Eos officia qui voluptatibus eligendi ut.','1993-03-29','66','339743','9.9'),
('67','Cum rerum reiciendis blanditiis.','1978-01-24','67','57046','9.9'),
('68','Nam libero aliquid possimus.','2008-12-31','68','375681','9.9'),
('69','Inventore animi porro sit magnam officiis est.','1995-10-14','69','346252','9.9'),
('70','Est sint dolor sed et non officia.','1970-10-28','70','658725','9.9'),
('71','Sapiente accusamus ex recusandae similique voluptatem.','2014-12-29','71','671225','7.0'),
('72','Perferendis quae eius dolores autem id rerum cum.','1974-03-29','72','721303','9.9'),
('73','Facere amet praesentium sapiente ea nihil totam enim.','1986-12-14','73','551769824','9.9'),
('74','Earum sint qui sint et sint.','1986-04-29','74','1115595','9.9'),
('75','Architecto non ut accusamus a.','2012-04-20','75','763896','9.9'),
('76','Accusamus perspiciatis aut quos suscipit facilis fugiat facere aut.','2007-06-13','76','110827','9.9'),
('77','Molestiae vel cupiditate qui ex et quasi sit tempore.','1987-10-26','77','30725669','9.9'),
('78','Aut voluptas quod consequatur praesentium et voluptatem.','1982-11-30','78','27982','9.9'),
('79','Quaerat velit et quia recusandae ab.','2006-06-27','79','40257376','0.0'),
('80','Dolores eligendi autem reprehenderit.','1999-09-19','80','5427993','0.0'),
('81','Cumque deserunt perferendis aut nemo recusandae voluptas.','1975-01-25','81','261970','9.9'),
('82','Vel amet nobis unde aperiam.','2003-08-02','82','915627','9.9'),
('83','Nostrum quibusdam quis est eos ut accusantium modi.','1974-06-13','83','1649922','9.9'),
('84','Aut quidem earum doloremque sit omnis est quam.','2004-09-18','84','311927','9.9'),
('85','Omnis odit dolorem facilis necessitatibus illo.','1982-11-16','85','7062938','9.9'),
('86','Et nesciunt dolor et explicabo.','1976-05-03','86','1258523','9.9'),
('87','Et non aliquid sit quia.','1977-03-20','87','19822207','5.0'),
('88','At nam libero maxime eum voluptas.','1981-05-25','88','88583','9.9'),
('89','Asperiores qui voluptatem minus et at natus at voluptatibus.','2009-01-24','89','36301926','9.9'),
('90','Neque officiis et autem optio molestias officiis voluptas.','1973-05-21','90','1802052','9.9'),
('91','Tempore reiciendis tempora explicabo.','2012-01-16','91','1491947','9.9'),
('92','Eveniet laborum distinctio eaque beatae quae quae aut.','1980-05-15','92','801111','9.9'),
('93','Ipsum sit error eum hic.','2019-07-03','93','638159','0.0'),
('94','Asperiores facere ipsa similique et consectetur et.','1994-10-17','94','685745','0.0'),
('95','Error consequatur iste nulla esse quam necessitatibus eius.','1972-11-11','95','1023030','9.9'),
('96','Quia ullam non consequatur magnam alias.','2012-02-08','96','487500633','9.9'),
('97','Aut tempore consequatur explicabo sint.','1982-06-29','97','1427752','9.9'),
('98','Aliquid sit eveniet odit.','2019-10-15','98','887721','9.9'),
('99','Velit magni ab expedita sit.','2014-05-01','99','909635','9.9'),
('100','Soluta beatae et at quis est temporibus.','1990-01-03','100','917634','9.9'); 


DROP TABLE IF EXISTS `movies_genres`;
CREATE TABLE `movies_genres` (
  `movie_id` int(10) unsigned NOT NULL,
  `genre_id` int(10) unsigned NOT NULL,
  PRIMARY KEY (`movie_id`,`genre_id`),
  KEY `genre_id` (`genre_id`),
  CONSTRAINT `movies_genres_ibfk_1` FOREIGN KEY (`movie_id`) REFERENCES `movies` (`id`) ON DELETE CASCADE,
  CONSTRAINT `movies_genres_ibfk_2` FOREIGN KEY (`genre_id`) REFERENCES `genres` (`id`) ON DELETE CASCADE
) ENGINE=InnoDB DEFAULT CHARSET=utf8 COLLATE=utf8_unicode_ci;

INSERT INTO `movies_genres` VALUES ('1','1'),
('2','2'),
('3','3'),
('4','4'),
('5','5'),
('6','6'),
('7','7'),
('8','8'),
('9','9'),
('10','10'),
('11','11'),
('12','12'),
('13','13'),
('14','14'),
('15','15'),
('16','16'),
('17','17'),
('18','18'),
('19','19'),
('20','20'),
('21','21'),
('22','1'),
('23','2'),
('24','3'),
('25','4'),
('26','5'),
('27','6'),
('28','7'),
('29','8'),
('30','9'),
('31','10'),
('32','11'),
('33','12'),
('34','13'),
('35','14'),
('36','15'),
('37','16'),
('38','17'),
('39','18'),
('40','19'),
('41','20'),
('42','21'),
('43','1'),
('44','2'),
('45','3'),
('46','4'),
('47','5'),
('48','6'),
('49','7'),
('50','8'),
('51','9'),
('52','10'),
('53','11'),
('54','12'),
('55','13'),
('56','14'),
('57','15'),
('58','16'),
('59','17'),
('60','18'),
('61','19'),
('62','20'),
('63','21'),
('64','1'),
('65','2'),
('66','3'),
('67','4'),
('68','5'),
('69','6'),
('70','7'),
('71','8'),
('72','9'),
('73','10'),
('74','11'),
('75','12'),
('76','13'),
('77','14'),
('78','15'),
('79','16'),
('80','17'),
('81','18'),
('82','19'),
('83','20'),
('84','21'),
('85','1'),
('86','2'),
('87','3'),
('88','4'),
('89','5'),
('90','6'),
('91','7'),
('92','8'),
('93','9'),
('94','10'),
('95','11'),
('96','12'),
('97','13'),
('98','14'),
('99','15'),
('100','16'); 


DROP TABLE IF EXISTS `user_favorite_movies`;
CREATE TABLE `user_favorite_movies` (
  `user_id` int(10) unsigned NOT NULL,
  `movie_id` int(10) unsigned NOT NULL,
  `favorited_at` datetime DEFAULT current_timestamp(),
  PRIMARY KEY (`user_id`,`movie_id`),
  KEY `movie_id` (`movie_id`),
  CONSTRAINT `user_favorite_movies_ibfk_1` FOREIGN KEY (`user_id`) REFERENCES `users` (`id`) ON DELETE CASCADE,
  CONSTRAINT `user_favorite_movies_ibfk_2` FOREIGN KEY (`movie_id`) REFERENCES `movies` (`id`) ON DELETE CASCADE
) ENGINE=InnoDB DEFAULT CHARSET=utf8 COLLATE=utf8_unicode_ci;

INSERT INTO `user_favorite_movies` VALUES ('1','1','1979-03-29 20:12:10'),
('2','2','2011-09-30 18:44:46'),
('3','3','1972-12-15 18:25:52'),
('4','4','1981-12-09 16:09:09'),
('5','5','2004-12-06 08:56:51'),
('6','6','1987-07-09 01:45:42'),
('7','7','1991-12-09 11:04:17'),
('8','8','2009-05-12 06:28:28'),
('9','9','1975-04-26 20:56:59'),
('10','10','2018-04-08 18:28:21'),
('11','11','2012-05-13 22:07:54'),
('12','12','2013-04-11 16:45:14'),
('13','13','1986-01-21 20:12:29'),
('14','14','2005-06-22 07:11:07'),
('15','15','1979-12-31 15:43:40'),
('16','16','2016-12-03 08:24:44'),
('17','17','2014-06-23 09:44:28'),
('18','18','2013-01-10 22:30:10'),
('19','19','2017-11-02 13:33:50'),
('20','20','2015-12-23 15:42:00'),
('21','21','1990-06-22 03:10:58'),
('22','22','2016-09-10 19:02:45'),
('23','23','1999-03-05 06:29:38'),
('24','24','2006-03-08 21:16:35'),
('25','25','1989-11-21 04:43:47'),
('26','26','1979-11-05 23:53:13'),
('27','27','2006-02-22 09:19:07'),
('28','28','2001-06-10 13:45:21'),
('29','29','1977-07-15 20:38:39'),
('30','30','2014-04-30 07:27:34'),
('31','31','2013-04-09 00:45:19'),
('32','32','1989-04-07 00:24:25'),
('33','33','1976-07-31 03:42:36'),
('34','34','1997-07-20 01:20:02'),
('35','35','2002-12-03 22:16:01'),
('36','36','2004-05-25 13:20:34'),
('37','37','1977-10-30 09:02:29'),
('38','38','1999-07-09 18:47:33'),
('39','39','2010-02-13 10:14:32'),
('40','40','1985-05-31 11:34:20'),
('41','41','1992-12-12 16:30:27'),
('42','42','1997-08-24 20:04:56'),
('43','43','2004-09-22 02:55:50'),
('44','44','1992-01-16 08:55:19'),
('45','45','2008-03-28 13:21:01'),
('46','46','2010-10-16 12:59:16'),
('47','47','1980-02-25 19:35:14'),
('48','48','1978-07-13 16:50:53'),
('49','49','1998-07-22 01:40:03'),
('50','50','2007-03-21 12:50:11'),
('51','51','2008-03-28 11:24:46'),
('52','52','2008-03-18 04:00:19'),
('53','53','2011-12-14 20:06:28'),
('54','54','1970-02-12 20:19:46'),
('55','55','1992-03-06 08:40:38'),
('56','56','2006-09-03 00:01:33'),
('57','57','1985-08-18 10:04:01'),
('58','58','1985-07-28 05:19:51'),
('59','59','2007-02-08 06:02:03'),
('60','60','2004-07-09 00:24:34'),
('61','61','1989-12-10 20:19:11'),
('62','62','2000-11-12 17:44:25'),
('63','63','2011-02-03 03:39:09'),
('64','64','1996-05-15 02:33:06'),
('65','65','1995-01-08 17:45:10'),
('66','66','1993-09-09 00:54:17'),
('67','67','1991-07-20 07:44:12'),
('68','68','1981-01-11 03:30:42'),
('69','69','1992-11-28 14:42:07'),
('70','70','2016-01-17 00:39:21'),
('71','71','2014-06-15 15:38:03'),
('72','72','2003-07-08 01:04:03'),
('73','73','2003-01-10 18:14:53'),
('74','74','2004-10-01 06:03:00'),
('75','75','1999-12-02 08:43:04'),
('76','76','2009-05-30 15:54:52'),
('77','77','2007-07-30 20:58:09'),
('78','78','2012-07-18 08:43:30'),
('79','79','2001-11-27 18:12:08'),
('80','80','1984-06-21 11:18:36'),
('81','81','1999-08-15 12:18:29'),
('82','82','1986-01-28 21:58:00'),
('83','83','2019-09-30 09:09:15'),
('84','84','2019-07-13 09:38:36'),
('85','85','1983-03-14 03:08:46'),
('86','86','1976-10-31 09:58:33'),
('87','87','1984-06-04 18:07:07'),
('88','88','1990-11-11 00:25:18'),
('89','89','2009-03-17 09:24:57'),
('90','90','1982-01-12 22:35:08'),
('91','91','2006-05-16 10:13:27'),
('92','92','2001-11-05 17:07:49'),
('93','93','1990-08-01 15:22:28'),
('94','94','1971-09-28 17:30:35'),
('95','95','2008-09-09 04:07:32'),
('96','96','2019-07-08 01:48:12'),
('97','97','1989-05-08 12:46:49'),
('98','98','2003-03-03 04:57:57'),
('99','99','1999-07-31 01:54:04'),
('100','100','2009-01-13 12:12:31'); 


DROP TABLE IF EXISTS `user_movie_reviews`;
CREATE TABLE `user_movie_reviews` (
  `user_id` int(10) unsigned NOT NULL,
  `movie_id` int(10) unsigned NOT NULL,
  `title` varchar(100) COLLATE utf8_unicode_ci DEFAULT NULL,
  `body` text COLLATE utf8_unicode_ci DEFAULT NULL,
  `moderator_approved` tinyint(1) DEFAULT NULL,
  `created_at` datetime DEFAULT current_timestamp(),
  `updated_at` datetime DEFAULT current_timestamp() ON UPDATE current_timestamp(),
  PRIMARY KEY (`user_id`,`movie_id`),
  KEY `movie_id` (`movie_id`),
  KEY `title` (`title`),
  CONSTRAINT `user_movie_reviews_ibfk_1` FOREIGN KEY (`user_id`) REFERENCES `users` (`id`),
  CONSTRAINT `user_movie_reviews_ibfk_2` FOREIGN KEY (`movie_id`) REFERENCES `movies` (`id`)
) ENGINE=InnoDB DEFAULT CHARSET=utf8 COLLATE=utf8_unicode_ci;

INSERT INTO `user_movie_reviews` VALUES ('1','1','Officia vero nihil incidunt doloribus ut.','Aperiam est suscipit ad est iusto voluptatem qui quia. Laboriosam quia facere sunt consequatur error dolores officia. Facilis sint nesciunt deserunt ut. Aperiam quod ipsum veritatis expedita ut.',NULL,'2009-09-10 15:56:09','2000-12-30 00:40:31'),
('2','2','Quibusdam sed aliquam quo blanditiis.','Aliquid vitae vel occaecati atque ab quo non. Qui dignissimos totam corrupti quos aliquid. Aut voluptatibus omnis laborum quaerat a sunt officiis dolorem.',NULL,'1975-09-30 20:51:45','2007-04-01 06:44:12'),
('3','3','Qui accusantium et et.','Nesciunt id doloremque nisi dignissimos possimus. Pariatur praesentium dolores nulla facere dolor suscipit. Nobis aut sed nihil fugit perferendis.',NULL,'2013-10-10 20:01:52','2003-01-11 13:04:39'),
('4','4','Ut qui doloribus sunt in.','Nobis animi aut voluptate sint beatae. Aut vero autem dolore qui aut saepe. Id expedita eum saepe error.',NULL,'2012-04-24 20:17:26','2017-01-17 23:14:11'),
('5','5','Aperiam voluptatem rerum animi amet.','Doloribus et blanditiis iste mollitia quisquam. Unde rem facere voluptate voluptate. Corporis dolores fuga quaerat qui reiciendis occaecati ea. Sit laboriosam cum cum omnis et consequatur voluptatem.',NULL,'2013-02-09 08:15:34','1979-08-20 20:55:29'),
('6','6','Aperiam consectetur est esse amet ea est repellat.','Nemo et voluptatem sit ducimus. Quis sunt fuga dolores quia corporis quaerat dolores. Dolorem vel numquam et omnis vitae. Earum quam aut reprehenderit ipsam inventore libero.',NULL,'1974-05-10 13:42:15','2014-09-19 03:34:18'),
('7','7','Neque amet et inventore mollitia commodi porro consectetur qui.','Odio eum dolor ex ea officia. Hic ut ullam recusandae nam at. Reprehenderit quis ut sapiente omnis deserunt.',NULL,'1978-06-03 23:14:59','1988-02-18 19:57:15'),
('8','8','Aut veritatis aut qui consequatur atque ut et.','Ut nisi modi quo blanditiis autem dignissimos aspernatur quia. Aliquam eaque quia voluptatem et dignissimos.',NULL,'1997-12-03 08:40:26','1998-06-01 03:45:18'),
('9','9','Voluptas at iure vel aliquid.','Labore blanditiis est reprehenderit nihil. Ut quo minus ut. Iure unde suscipit quas qui. Neque quidem possimus nisi consectetur ipsam qui et.',NULL,'2018-02-02 21:25:49','1998-11-14 19:42:41'),
('10','10','Voluptas est maiores quia enim sed ex.','Id accusamus excepturi quo expedita error doloribus velit. Quis suscipit veniam reiciendis voluptatibus ut eum consequuntur. Hic repellat in eveniet nulla soluta. Voluptatibus fuga aut dolores. Et qui repellendus et quam.',NULL,'2000-05-19 07:20:05','2020-06-11 05:14:50'),
('11','11','Dolor assumenda rerum recusandae itaque vitae accusamus eaque eligendi.','Delectus ut eum omnis maiores repellendus itaque excepturi nam. Facilis eum voluptas saepe dolores. Qui dicta voluptatem similique aliquam. Qui aut sapiente voluptatibus assumenda.',NULL,'1970-11-28 14:49:53','2001-04-12 22:47:03'),
('12','12','Soluta debitis aliquam sequi minima.','Nobis dolorem enim ab debitis. Rerum quo doloremque mollitia quae sit sed accusamus. Vero architecto voluptates dignissimos ad magnam sint dolores.',NULL,'2003-05-30 00:50:00','1992-05-01 20:05:58'),
('13','13','Blanditiis explicabo ratione recusandae perspiciatis quasi.','Quam corporis iure ducimus eos laborum id ut ducimus. Illo molestiae exercitationem suscipit qui qui nihil. Culpa dolores omnis explicabo est vero sed.',NULL,'2000-09-19 13:05:05','2002-12-31 12:11:35'),
('14','14','Animi minima hic quos.','Id est quia ad odio iure sit sapiente et. Illo voluptatibus quis ut sequi culpa sed nisi sint. Eaque quidem molestias veniam doloribus alias.',NULL,'2002-01-02 01:52:17','1979-11-10 19:57:20'),
('15','15','Sunt quibusdam perspiciatis sequi.','Tempore reprehenderit quaerat sed non. Minima consequuntur consequatur accusamus non dolore minus. Maxime non ut quos minus. Culpa sint sit possimus ex ex.',NULL,'2007-05-09 18:10:47','1985-06-01 05:18:14'),
('16','16','Velit libero et aut accusamus.','Pariatur sit quo debitis ducimus est fugiat dolores. Maiores qui consequatur sit aliquid magnam quaerat tempora. Qui repellendus et est perferendis minus porro. Ut quia iusto porro occaecati voluptatibus ab. Dolorum dolor architecto velit alias numquam.',NULL,'2019-06-12 11:22:14','1979-12-02 04:43:52'),
('17','17','Ipsa eum consequatur autem neque ducimus vitae labore.','Nihil ipsam inventore et nostrum. Dolores asperiores quos eum dolor tempore dicta minima. Inventore eos assumenda explicabo quidem inventore delectus.',NULL,'2013-05-01 21:52:51','2018-11-22 01:58:23'),
('18','18','Non sed qui dolorem molestias debitis.','Non quam officiis aliquid maxime rerum. Ea explicabo eum adipisci maiores quasi aliquam iusto. Quia illo beatae molestias.',NULL,'2011-05-25 15:29:15','1978-06-30 04:29:49'),
('19','19','Suscipit debitis non consectetur unde itaque.','Commodi culpa ducimus cumque laborum neque reiciendis dignissimos. Facere repudiandae nihil nulla aut odit. Ut quos accusantium aut voluptas sit dolores sint.',NULL,'1981-11-11 11:27:23','1993-11-22 17:38:47'),
('20','20','Eaque maxime earum qui laborum necessitatibus voluptates.','Animi similique error nisi aliquid hic. Voluptatem nobis tempore et a culpa ipsum aut. Molestias molestias quod id.',NULL,'1971-08-06 15:17:48','2013-03-16 09:32:57'),
('21','21','Deleniti explicabo ut aspernatur adipisci dolor ea.','Quo aut maiores aspernatur debitis sint. Recusandae officiis veritatis quia placeat. Et consequuntur quibusdam sit qui.',NULL,'2013-11-04 18:52:21','1979-02-12 01:15:33'),
('22','22','Est voluptatem praesentium qui officia sunt ut quasi.','Cum consequatur quibusdam repellat molestiae molestias aliquid. Dolor non adipisci sit sunt. Sunt debitis voluptatem pariatur eius sunt corporis. Qui sed fuga sunt quasi ex quo consequatur. Natus excepturi animi quibusdam cupiditate architecto.',NULL,'1970-03-07 01:38:19','2016-05-05 15:39:47'),
('23','23','Repudiandae quod et quia numquam.','Ad veritatis magnam est repellat labore. Voluptas accusantium nemo provident necessitatibus incidunt itaque. Ipsam voluptas asperiores praesentium aut autem earum. Pariatur voluptatem aut aut sunt velit.',NULL,'1977-07-01 01:50:45','2002-03-19 10:19:13'),
('24','24','Quo ut sit dicta.','Quia provident vel deserunt rerum. Placeat est qui optio. Earum velit aut vitae accusamus voluptas. Reprehenderit est placeat impedit. Id repudiandae et quod id necessitatibus asperiores aut repellat.',NULL,'2000-09-07 10:49:25','1976-07-28 18:52:57'),
('25','25','Iusto quis occaecati recusandae dolore quia enim.','Aspernatur facere non ea quasi modi at sed. Sint dolores incidunt iure sunt ipsa. Repudiandae eveniet labore est ipsam minus enim voluptas natus.',NULL,'2014-05-28 07:02:59','1983-07-16 03:37:41'),
('26','26','Sapiente quo quaerat tenetur eligendi sit a eveniet.','Laborum ut quam qui distinctio voluptatem suscipit. Ullam sed doloremque est non ducimus nam.',NULL,'2001-08-06 17:25:46','1975-09-27 10:59:18'),
('27','27','Aliquam autem unde id error.','Veritatis dolore illum nihil earum numquam hic molestiae vero. Ea corrupti in inventore. Voluptates et consequatur mollitia et dolor omnis aspernatur.',NULL,'2019-07-28 00:16:38','2008-05-22 22:05:35'),
('28','28','Ad enim error vel ut.','Quisquam reiciendis ut id sunt est consequatur quasi. Repellat inventore consectetur dignissimos voluptatum ea odit quia. Corporis quae modi aut voluptatem temporibus esse.',NULL,'1996-10-25 15:00:30','1985-02-17 05:42:56'),
('29','29','Esse in sunt quaerat minus repellat consequatur necessitatibus.','Est consequuntur ut ab sapiente earum inventore ut sit. Quam pariatur delectus in eos assumenda repudiandae. Illum voluptatibus totam ipsam temporibus sit consequatur. Impedit sapiente ut voluptate enim. Quae accusantium aut dicta laboriosam expedita mollitia eum.',NULL,'1982-12-29 18:51:01','1983-03-30 06:40:36'),
('30','30','Iure molestias voluptas aut quia.','In ducimus beatae veniam aliquid id. Repellat quos incidunt perferendis qui tempore. Et illum est qui minima non voluptates laborum officia.',NULL,'1994-07-25 08:22:25','1993-04-05 03:22:18'),
('31','31','Architecto reprehenderit aut asperiores voluptas rerum tempora eaque.','Repudiandae ut unde omnis ea aliquam porro fugiat. Fugit accusamus voluptatem et qui.',NULL,'2012-01-28 22:59:59','2015-09-10 07:10:37'),
('32','32','Hic aut cumque nostrum inventore.','Voluptates odio est consectetur in. Qui doloremque tempora laboriosam qui repellendus ullam ducimus vero. Autem perspiciatis ex adipisci accusamus odio deleniti quasi. Laudantium deleniti id enim qui porro quaerat sit aut.',NULL,'1973-04-09 15:42:23','2011-02-19 14:53:11'),
('33','33','Eveniet illum voluptas sint quis.','Et sunt sunt placeat similique. Officia quidem maxime non totam quae voluptate molestiae fugit. Maiores non omnis sit itaque porro commodi illum.',NULL,'1986-05-14 17:19:13','2004-07-20 10:50:42'),
('34','34','Aut repellat officia autem est delectus possimus iusto impedit.','Suscipit voluptatem sunt suscipit recusandae illum. Et rem labore repudiandae repellendus facere beatae. Tempore tempora amet ut eligendi veniam provident nesciunt.',NULL,'1976-01-07 08:43:12','1988-08-23 04:15:58'),
('35','35','Nihil qui doloremque sequi facilis vel aut.','Voluptatem quam commodi et illo nihil sunt sequi. Cum cumque illo qui. Totam ad dolore sint iure autem quo et. Aliquam quia omnis debitis perferendis in est architecto odit.',NULL,'2004-07-09 01:51:06','1990-05-15 23:34:51'),
('36','36','Fuga similique qui et quis.','Aliquid ea dolorem odio. Distinctio corporis repudiandae aut sed. Voluptatum libero hic fuga aut recusandae ut molestiae omnis. Aut porro ab eos et itaque sint.',NULL,'2004-04-13 04:48:57','2016-03-12 13:24:12'),
('37','37','Atque nesciunt vitae dolor repudiandae sapiente tempore magni.','Modi rerum corporis quos autem neque voluptas. Aut autem non quia numquam enim distinctio et. Et vitae aperiam assumenda molestiae nulla facilis nihil. Officiis ex repellat illum vitae sit.',NULL,'1992-05-15 21:17:03','1979-01-08 08:04:06'),
('38','38','Sunt natus aliquam esse voluptas aperiam at.','At sunt cum dicta et omnis cumque illo. Nemo saepe doloremque nam.',NULL,'1981-09-07 02:22:38','1984-06-22 19:55:08'),
('39','39','Et consequatur esse nemo dolor.','Deserunt velit non excepturi rerum dicta atque voluptatem vel. Et ullam labore id et. Rerum dolorum molestiae soluta vel.',NULL,'1980-06-25 16:40:57','2017-10-14 10:31:36'),
('40','40','Ut consequatur magni ea eos.','Ipsa quis culpa distinctio repellat. Praesentium sint doloribus laudantium optio quos in accusamus. Beatae asperiores fugiat quae recusandae.',NULL,'2008-08-19 08:22:11','1999-03-26 22:33:23'),
('41','41','Maiores et amet commodi eveniet fugit itaque eum quo.','Nulla aut reprehenderit animi ex magnam est. Dolorem dicta consequatur consequuntur velit officiis qui aut. In aut illum quasi dolor laborum occaecati. Eum illum adipisci sunt consequatur sint sunt ea. Et nemo asperiores itaque accusamus eum quia.',NULL,'1992-01-27 03:51:27','1986-01-03 21:49:51'),
('42','42','Qui totam ex dolorem libero.','Ullam dolores aut quia et molestiae. Maxime et exercitationem modi tenetur nihil debitis. Quis amet et occaecati vel. Nesciunt vel accusantium qui sit ea sit.',NULL,'1997-08-25 21:00:18','1974-02-17 21:13:04'),
('43','43','Sed accusamus dolorem earum et atque.','Voluptatum omnis ad ullam doloremque. Ea quo sed eveniet cum. Expedita consequatur et autem dolores enim non.',NULL,'1993-04-29 11:48:42','1999-02-15 13:12:07'),
('44','44','Exercitationem maiores rerum quia dolore beatae.','Cum qui repellendus totam repudiandae numquam vero non. Quas incidunt dolorum facilis. Assumenda saepe voluptatem perferendis sit.',NULL,'2015-02-22 23:20:30','1997-12-15 06:24:07'),
('45','45','Eveniet repellendus sint consequatur.','Pariatur voluptas facere veniam sed accusantium harum rem. Numquam eius aut corrupti minus nemo. Facilis modi unde molestias beatae qui sunt ut veniam. Omnis suscipit dicta qui rerum. Voluptatem sequi error ab illo.',NULL,'1974-10-05 01:55:07','1998-06-02 22:03:57'),
('46','46','Repudiandae est eum itaque dignissimos.','Nesciunt aut rerum doloremque non eum. Doloremque officia iusto modi officia cupiditate. Aspernatur libero et id.',NULL,'1977-06-04 23:45:32','2000-02-11 19:17:04'),
('47','47','Ut odio quae temporibus aspernatur quis voluptatem.','Quisquam doloribus numquam voluptatem et. Et incidunt natus placeat nam magnam tempora placeat. Aut excepturi magni nam quisquam labore non nihil.',NULL,'1986-09-10 17:07:59','1970-04-14 09:37:37'),
('48','48','Maiores unde id fugiat labore adipisci dolore.','Autem itaque architecto adipisci sed necessitatibus vel. Atque cum quas rerum odit hic nostrum ut. Quo enim impedit debitis.',NULL,'1979-11-24 23:13:34','1994-06-03 13:36:11'),
('49','49','In minima id facere quia sunt sed quam.','Asperiores occaecati expedita rem aspernatur autem molestias rem. Consequatur quidem molestiae nemo excepturi reiciendis est vel delectus. Praesentium tempore iure reprehenderit eius.',NULL,'1979-05-24 06:27:26','2015-07-15 03:44:14'),
('50','50','Ipsam magni molestias blanditiis sit illo.','Omnis quidem adipisci dolores alias ratione. Dolor voluptatem doloremque quibusdam explicabo porro. Perferendis magni ut veniam eos. Natus quasi beatae eum aliquam rem excepturi iusto.',NULL,'1978-05-01 16:19:45','1981-05-14 03:19:20'),
('51','51','Vel ut velit dolores fugit et est optio.','Alias id dolorum quo placeat. Ratione exercitationem at quo quisquam voluptatem sint assumenda. Quas et maiores recusandae sed. Quia hic ut odio explicabo iste ab eum recusandae.',NULL,'1995-01-17 02:47:02','2011-06-17 01:15:03'),
('52','52','Ut pariatur occaecati aut facere.','Sapiente eius nesciunt enim et modi. Hic est qui quia tempora pariatur reprehenderit rerum. Et amet beatae eius doloribus voluptatum. Non enim incidunt commodi doloribus et repellat.',NULL,'1973-10-28 00:40:09','1992-02-09 18:00:57'),
('53','53','Voluptas officia explicabo similique accusamus.','Non ipsa consequatur ea iusto. Est libero est praesentium. Voluptatem cumque cupiditate iste. Aut nihil doloribus ipsa vitae omnis quisquam magni.',NULL,'1975-12-18 01:44:08','2013-09-02 09:27:35'),
('54','54','Necessitatibus nihil repudiandae qui ipsam perferendis amet.','Aut voluptatem atque praesentium perferendis sint libero dolor. Fuga modi sunt et eaque reiciendis et rerum. Rem consectetur non cupiditate ut.',NULL,'1986-07-26 02:24:37','1982-01-24 14:53:59'),
('55','55','Quas inventore delectus fuga voluptatem enim voluptatem.','Aut tempore laboriosam aliquid cum velit explicabo. Ullam doloribus omnis velit non est ea expedita voluptas. Est nemo atque velit laborum.',NULL,'2003-05-16 22:45:05','1975-04-13 21:52:56'),
('56','56','Sit rerum qui asperiores ab et similique.','Et sunt illum et maxime odit inventore et. Aut impedit impedit laboriosam et et. Provident expedita natus tempora alias.',NULL,'2019-05-26 20:29:05','2005-10-16 21:16:37'),
('57','57','Molestiae voluptas eum eum consectetur ipsa quas.','Ullam odio ut eum sit consequatur reiciendis. Architecto pariatur aut omnis. Quia perspiciatis id adipisci reiciendis.',NULL,'1994-02-14 02:17:17','1980-07-29 01:57:35'),
('58','58','Est in et aliquid cum voluptas odio quas.','Omnis soluta earum sit. Quis quod mollitia aut repudiandae et.',NULL,'2000-06-26 08:00:22','1978-04-08 12:24:23'),
('59','59','Similique veniam architecto impedit asperiores eos id quis.','Excepturi impedit tenetur quas quod eum ut voluptas. Praesentium facilis deserunt voluptatem. Molestias enim voluptatum error modi eum omnis et.',NULL,'1986-09-06 01:10:35','2015-12-28 18:25:18'),
('60','60','Esse similique ab ratione modi sequi.','Voluptas molestiae autem quo ut quis. Est dignissimos voluptatibus ut ea quos. Unde voluptatem et assumenda ipsa ut exercitationem.',NULL,'2008-03-05 23:39:19','1978-11-14 09:55:39'),
('61','61','Numquam dolor et nam odit animi neque rerum.','Temporibus repellendus corporis sit et enim. Aut odit consectetur aspernatur rerum totam qui. Aspernatur et consequuntur asperiores ut modi dolores.',NULL,'1987-02-21 10:35:13','2001-05-31 03:29:15'),
('62','62','Quis cupiditate libero soluta rem sunt.','Aut sint ullam voluptatem debitis quos eos consequatur. Officia illo nesciunt qui asperiores. Sit id expedita ut.',NULL,'2002-07-29 18:29:18','1975-11-28 07:42:02'),
('63','63','Fugiat impedit et ratione velit.','Atque distinctio rerum ut eum voluptatibus consequatur. Accusantium illo totam omnis dignissimos. Nihil sed repellendus natus vitae id. Eum molestiae ipsam omnis.',NULL,'2016-04-07 18:17:16','2002-01-19 21:07:04'),
('64','64','Accusantium sunt maiores aut accusamus dicta.','Aspernatur minus eligendi nostrum provident fugit eum ullam. Et fugiat atque eius ipsam repellat aut repudiandae.',NULL,'1972-08-08 08:21:27','2000-03-09 07:30:25'),
('65','65','Unde eum quod aut earum expedita blanditiis consequuntur.','Iure dolorem cum possimus et. Qui sapiente mollitia minus doloribus et modi quo. Dolorum rerum rerum amet molestiae. Fugit adipisci eveniet at ut atque voluptatem sint molestias.',NULL,'1996-10-07 09:59:56','1973-05-07 00:02:47'),
('66','66','Asperiores laudantium numquam et earum optio commodi et.','Architecto accusamus temporibus et quia est qui. Ipsum perferendis et modi esse cumque laudantium eos.',NULL,'2007-09-14 14:38:43','2012-05-04 03:25:03'),
('67','67','Nam necessitatibus iure vero dignissimos mollitia in fuga.','Fugit dolorum nobis totam qui reiciendis eveniet vitae. Sed impedit maxime quia iure. Vero non et inventore tenetur. Ab laborum consectetur voluptatum ea consequuntur fuga.',NULL,'1999-09-12 16:38:18','1978-02-11 03:16:15'),
('68','68','Consequuntur odio eum quod dolore id fugiat.','Ab voluptatum eum quae iure dolor ipsum nobis sit. Magni ipsam doloremque voluptatem enim est rerum sit. Repellendus et ut quidem sint quasi. Similique qui natus eaque architecto totam labore consectetur. Aut dolores nostrum veritatis aperiam.',NULL,'1980-11-19 21:56:02','2014-02-20 08:20:01'),
('69','69','Nostrum in aut iusto ut libero.','Ullam nam dolor animi vero eos. Est blanditiis excepturi libero omnis ducimus id. Est iure harum exercitationem et hic officia. Exercitationem ut ipsa et sequi.',NULL,'1997-03-24 02:16:05','2014-08-29 09:55:00'),
('70','70','Temporibus cupiditate ea aut.','Ullam non corrupti nostrum animi. Quasi in sequi non sunt et. Nesciunt nemo voluptatibus incidunt et libero.',NULL,'1990-12-24 04:31:14','2004-12-31 09:08:53'),
('71','71','Maxime minus impedit est.','Optio dolores sit maiores reiciendis. Enim non culpa reiciendis veritatis illo perferendis delectus. Id et modi nobis.',NULL,'2017-12-28 17:16:08','1992-01-13 23:08:22'),
('72','72','Eum quos ex voluptas eum veniam.','Sapiente voluptatibus doloremque rerum sit ipsum fugiat perferendis. Consequatur sit eius velit fugit temporibus. Itaque illum libero distinctio et dolor ut est. Omnis ea vitae a dolorum. Enim sed ab omnis ipsam qui et aut.',NULL,'1979-12-16 20:35:39','1981-09-18 00:27:34'),
('73','73','Sit non ut eius minima excepturi ipsa explicabo optio.','Minus temporibus consequatur occaecati odit quasi aut quia distinctio. Esse quasi porro temporibus. Quam molestiae optio magnam provident. Dolorem voluptatum tenetur rem vel iste. Eligendi illo asperiores et aut quia corporis mollitia.',NULL,'1979-06-24 19:04:25','1973-12-24 21:44:41'),
('74','74','Omnis dolorem eius minima architecto.','Totam dolor in minus sint. Aliquam nihil quia autem maxime omnis ex. Modi odit praesentium saepe expedita excepturi odio voluptatibus ea.',NULL,'1975-06-04 19:51:15','1971-01-02 03:23:19'),
('75','75','Autem ratione neque iste voluptatum voluptas reprehenderit.','Ipsa veritatis tempore et ipsum quis similique. Ducimus est deleniti facilis unde nisi omnis voluptatum. Sint totam modi modi non officia rerum itaque in.',NULL,'2015-08-28 16:21:16','1988-04-14 14:07:05'),
('76','76','Neque rerum explicabo quisquam sequi ut.','Nobis velit ratione nam. Amet maxime iure reprehenderit laboriosam.',NULL,'1985-12-21 05:44:12','2000-06-24 18:12:18'),
('77','77','Animi sit voluptatem voluptatum ullam voluptatem iure.','Enim illo earum alias cumque. Cum sed molestiae amet laudantium quia. Non quo laudantium commodi.',NULL,'1977-10-18 23:31:56','2011-01-24 07:49:04'),
('78','78','Et minima cupiditate iste nam.','Earum fugiat eveniet molestiae iste sint. Sed ea natus eos sed natus eaque at. At reprehenderit corporis vitae beatae culpa atque et.',NULL,'2018-03-15 17:37:12','1982-04-20 00:39:29'),
('79','79','Dolorem dignissimos animi est et.','Quibusdam vitae dolor pariatur vel aspernatur praesentium quo. Dignissimos quisquam fuga id assumenda temporibus nihil quia. Molestiae ea sunt explicabo sit odit quis aperiam.',NULL,'2010-11-26 13:21:32','2018-04-26 07:22:26'),
('80','80','Magnam vel dolorem dolorem ut.','Et praesentium beatae soluta ex atque dolores id sit. Rerum recusandae eligendi voluptatibus voluptatem expedita. Autem non recusandae aliquid eos vel delectus a. Officia aut tempore aut praesentium ad beatae.',NULL,'1983-08-20 04:30:12','2000-03-04 16:47:33'),
('81','81','Blanditiis ut velit est veniam impedit.','Veniam nemo sequi qui quis corporis quia. Doloremque perferendis sint et. Minima exercitationem dicta voluptatem excepturi. Magnam error facilis consectetur modi iure.',NULL,'2018-12-10 21:29:28','1976-08-03 00:30:49'),
('82','82','At consectetur et aut temporibus minima ut aperiam soluta.','Reprehenderit illum qui facilis architecto. Excepturi quam libero quia libero. Officia impedit error incidunt eligendi doloribus voluptate.',NULL,'1992-08-17 10:31:06','2018-03-12 23:36:13'),
('83','83','Blanditiis blanditiis magnam quos cumque repellendus quas fugiat nulla.','Ipsa culpa porro reprehenderit molestiae rem vitae architecto. Id quisquam adipisci non quod aut qui. Nisi molestias itaque culpa consequatur ut aut. Quia rerum culpa qui consequatur et.',NULL,'1976-08-14 15:55:03','1973-08-20 09:30:37'),
('84','84','Earum esse eum aspernatur et maiores culpa et.','Nihil neque beatae incidunt. Aperiam molestiae rerum assumenda qui consectetur. Molestiae porro dignissimos et tempore et excepturi eum numquam.',NULL,'1986-08-20 04:22:11','2002-06-30 16:41:46'),
('85','85','Earum et consequatur et dolores est.','Ut enim quo est excepturi quia ab impedit. Dolore voluptatem nemo occaecati soluta aperiam sed quia vitae. Neque sit sunt dolor quis fugit nostrum magni.',NULL,'1984-04-24 23:07:27','1994-06-01 01:40:55'),
('86','86','Ut incidunt et minima officia id.','Magnam autem ut eligendi dignissimos ut. Enim voluptatem dolores accusantium atque culpa eum inventore. Dolorem ut quis et nobis at quia aut.',NULL,'1989-10-14 23:13:44','1982-11-08 10:41:29'),
('87','87','Dolorem aut voluptatem aliquam harum nostrum distinctio.','Qui eos sit sapiente cupiditate qui placeat facilis. Optio dolorem et possimus eius dolor quis quis. Qui assumenda aperiam quo doloremque.',NULL,'2012-08-16 05:32:31','2015-10-25 19:44:58'),
('88','88','Tempora nihil voluptates doloribus a esse pariatur.','Aut odio laudantium qui. Ut vel nulla molestias repudiandae similique aliquid et vel.',NULL,'1971-06-24 16:09:11','2011-02-20 11:32:41'),
('89','89','Qui aut dicta aspernatur.','Quibusdam atque et quia eligendi maiores. Doloribus ut deleniti quis qui molestiae repellendus. Voluptatum saepe unde nam. Voluptatum atque aspernatur ducimus qui itaque veritatis.',NULL,'1987-07-31 23:59:43','1986-01-24 14:45:10'),
('90','90','Sunt quia incidunt exercitationem assumenda maxime sed aut.','Quas autem excepturi iure error corrupti veritatis illum accusamus. Excepturi velit voluptatibus molestias est alias aspernatur nemo dicta. Ut cupiditate odit quia eius enim.',NULL,'1995-10-14 08:51:37','1984-08-30 14:29:56'),
('91','91','Soluta dignissimos velit accusantium et dolores cum voluptates quibusdam.','Vel ullam amet qui ut ut reprehenderit nostrum. Vero eius quis porro architecto quam ullam. Sequi ut est tempore omnis id velit excepturi.',NULL,'1999-08-24 14:55:57','1975-04-20 02:02:33'),
('92','92','Praesentium qui ex ipsa ut quasi quia itaque.','Dignissimos sit necessitatibus qui illo quaerat doloribus tenetur et. Ea molestiae voluptas magnam quia iure maxime. Impedit nesciunt rerum est ducimus illum voluptatem nisi. Porro ad adipisci doloribus in illo.',NULL,'2002-05-17 22:56:54','1984-08-19 02:47:35'),
('93','93','Quasi autem unde quo qui voluptas dolorem excepturi.','Culpa animi assumenda sit. Possimus enim doloribus aut temporibus cum eaque consequatur sequi. Molestiae alias culpa expedita iste voluptatem. Fuga eligendi fugiat perspiciatis est.',NULL,'1988-03-18 06:14:22','2005-11-27 20:42:26'),
('94','94','Vel facilis culpa distinctio eligendi accusantium.','Nam autem temporibus cupiditate sint reiciendis ut ipsum distinctio. Sed provident dicta aperiam dicta reprehenderit magnam et facere. Voluptatum explicabo dolores et consequatur. Eum ex distinctio repellendus. Minus commodi in provident eum eaque.',NULL,'1994-02-23 04:47:37','1975-03-29 20:17:42'),
('95','95','Ea cum omnis in incidunt perferendis.','Veniam quia est temporibus nam consequatur. Soluta facilis aliquam inventore aut enim quo. Eaque repellendus omnis et fugiat ut atque.',NULL,'1971-04-10 22:12:10','2013-06-27 15:48:29'),
('96','96','Voluptas perspiciatis esse unde esse vero eligendi omnis veniam.','Aliquid ut enim accusamus architecto possimus. Sequi quisquam voluptates quod. Iste ea quis quia et facilis. Aut saepe quia quod quia.',NULL,'2005-01-14 17:42:50','2012-01-31 23:44:31'),
('97','97','Magnam eveniet amet consequatur rerum dicta et voluptatem.','Quisquam eligendi sed quod culpa. Et aut qui quae vel illum. Enim vero natus occaecati ipsa voluptatem rerum. Voluptas quidem et voluptas non et.',NULL,'1987-12-30 14:05:57','1991-07-28 13:02:02'),
('98','98','Et neque rerum delectus ut optio.','Sequi non quidem sunt qui consequatur. Totam error consequatur itaque minima quidem excepturi. Sit mollitia aperiam quas veniam unde. Suscipit dolorem eum quisquam eos dolor.',NULL,'2011-06-02 07:02:12','1975-01-22 20:12:22'),
('99','99','Perspiciatis unde cumque et consequuntur optio.','Quo eveniet id eaque quidem. Consequatur consectetur rem odit sunt et fugit deserunt.',NULL,'2011-04-20 19:51:55','1995-11-20 21:27:16'),
('100','100','Earum explicabo error qui consequatur voluptas deleniti occaecati harum.','Animi earum natus quos non deserunt. Excepturi asperiores non eos dolore ratione sint sit. Nihil veritatis nostrum et totam.',NULL,'1974-12-15 13:49:31','1981-08-05 02:34:11'); 


DROP TABLE IF EXISTS `user_movie_scores`;
CREATE TABLE `user_movie_scores` (
  `user_id` int(10) unsigned NOT NULL,
  `movie_id` int(10) unsigned NOT NULL,
  `score` tinyint(4) DEFAULT NULL,
  `created_at` datetime DEFAULT current_timestamp(),
  `updated_at` datetime DEFAULT current_timestamp() ON UPDATE current_timestamp(),
  PRIMARY KEY (`user_id`,`movie_id`),
  KEY `movie_id` (`movie_id`),
  CONSTRAINT `user_movie_scores_ibfk_1` FOREIGN KEY (`user_id`) REFERENCES `users` (`id`),
  CONSTRAINT `user_movie_scores_ibfk_2` FOREIGN KEY (`movie_id`) REFERENCES `movies` (`id`)
) ENGINE=InnoDB DEFAULT CHARSET=utf8 COLLATE=utf8_unicode_ci;

INSERT INTO `user_movie_scores` VALUES ('1','1','4','1987-12-09 20:31:40','1993-10-27 10:00:59'),
('2','2','2','1996-04-08 08:27:57','2015-05-11 00:43:56'),
('3','3','4','2001-10-23 21:28:31','1978-06-11 13:39:52'),
('4','4','9','2009-05-02 04:00:04','2005-03-25 20:27:06'),
('5','5','8','1986-11-14 03:11:53','1970-12-19 02:36:11'),
('6','6','3','2007-02-13 01:39:20','1987-06-23 14:54:41'),
('7','7','2','1977-08-31 20:20:06','1991-10-13 01:02:29'),
('8','8','1','1998-09-12 06:27:02','1991-06-02 14:23:29'),
('9','9','4','2015-06-15 01:45:47','1990-05-17 15:38:20'),
('10','10','8','1995-11-08 06:46:14','2003-10-13 16:34:20'),
('11','11','8','2001-06-24 05:05:01','2005-06-03 20:43:55'),
('12','12','5','1973-06-26 01:44:18','1987-08-09 05:02:57'),
('13','13','3','2005-11-26 06:50:21','1986-01-24 15:32:40'),
('14','14','4','1988-05-09 22:39:53','1988-01-22 23:15:42'),
('15','15','5','1986-01-12 00:57:34','1971-01-18 08:12:33'),
('16','16','4','1990-05-17 20:36:13','2008-11-14 22:42:24'),
('17','17','3','1991-05-23 14:51:23','1975-12-15 13:00:48'),
('18','18','5','1983-11-24 14:01:40','2000-06-07 06:04:07'),
('19','19','6','1980-03-03 19:18:53','2013-07-18 12:31:57'),
('20','20','5','1989-05-11 17:27:19','1978-07-08 05:50:42'),
('21','21','8','2000-09-13 04:07:42','1977-10-14 19:54:05'),
('22','22','9','1979-12-14 01:03:03','1984-12-04 18:10:14'),
('23','23','2','1989-03-09 22:22:29','1986-01-02 15:33:53'),
('24','24','8','2007-11-01 02:26:39','2008-08-23 07:39:39'),
('25','25','9','1980-06-12 07:05:15','2012-12-30 11:03:52'),
('26','26','5','1986-03-06 09:34:04','2013-01-15 10:28:06'),
('27','27','3','2008-12-15 07:02:53','1976-08-12 16:47:00'),
('28','28','3','2011-05-17 02:26:27','1989-03-13 20:22:52'),
('29','29','9','2020-07-18 15:12:32','1987-06-26 16:13:40'),
('30','30','4','1995-04-01 10:51:52','1989-07-01 20:25:44'),
('31','31','3','1993-09-23 07:57:18','1970-12-18 12:05:17'),
('32','32','8','1997-09-12 19:31:18','2006-11-17 06:09:07'),
('33','33','6','2014-04-25 01:51:10','2018-12-22 00:33:31'),
('34','34','5','1982-12-25 22:31:19','1995-03-04 17:41:35'),
('35','35','1','2002-02-23 22:09:48','2012-07-06 06:17:22'),
('36','36','5','1976-02-11 02:09:16','1985-02-25 21:12:23'),
('37','37','5','1996-12-26 05:49:40','1978-09-11 18:38:17'),
('38','38','6','1977-09-21 01:42:32','2020-08-18 09:04:20'),
('39','39','3','2011-11-19 00:18:05','2002-07-02 22:20:16'),
('40','40','9','1980-12-06 02:49:50','1973-07-03 14:16:44'),
('41','41','5','2017-10-12 02:50:38','1999-10-03 05:22:21'),
('42','42','7','1998-07-17 14:34:53','2008-10-26 17:37:02'),
('43','43','7','1988-03-09 08:21:23','1976-03-13 12:25:11'),
('44','44','4','1976-05-05 11:15:07','2003-08-20 16:22:55'),
('45','45','9','2008-10-12 04:06:07','2016-07-08 15:47:50'),
('46','46','5','2018-12-16 17:09:29','1986-10-29 20:12:26'),
('47','47','7','1988-12-30 00:23:59','1979-06-24 13:21:01'),
('48','48','8','2013-01-31 05:33:24','1976-06-30 18:56:26'),
('49','49','1','2006-09-20 01:56:02','2011-02-13 10:34:47'),
('50','50','6','1997-06-13 17:38:24','1997-07-02 17:30:40'),
('51','51','4','2016-04-08 16:47:54','1994-12-22 01:46:28'),
('52','52','5','2019-08-03 16:49:11','2013-03-18 17:50:59'),
('53','53','4','2017-08-31 23:53:42','2016-07-08 13:24:32'),
('54','54','8','1993-07-31 10:25:44','2015-08-21 01:15:21'),
('55','55','1','1972-12-25 22:50:30','1971-02-24 22:20:20'),
('56','56','9','1997-05-27 10:34:53','1993-11-01 21:32:24'),
('57','57','7','1986-11-30 13:33:17','2011-07-03 09:45:02'),
('58','58','6','2002-12-08 10:29:41','1975-09-22 13:12:04'),
('59','59','7','1999-01-07 02:18:06','1983-03-19 08:21:43'),
('60','60','7','1970-08-10 02:35:30','2004-01-26 07:12:27'),
('61','61','7','2019-06-18 20:18:51','1975-03-01 09:36:48'),
('62','62','8','2019-01-31 19:01:46','1980-04-25 03:57:28'),
('63','63','6','2015-12-09 04:18:20','2002-10-29 01:39:00'),
('64','64','4','1978-05-09 20:28:17','1996-11-22 00:06:23'),
('65','65','3','1997-12-08 11:34:45','2018-11-10 04:35:22'),
('66','66','9','1981-05-27 12:20:20','1978-12-29 14:18:40'),
('67','67','1','1998-11-01 06:38:58','1988-02-10 12:03:34'),
('68','68','1','2008-04-16 15:36:16','1988-04-20 04:50:02'),
('69','69','7','2007-03-02 21:57:35','1971-03-21 01:12:24'),
('70','70','3','1984-12-01 00:51:33','1978-10-29 19:04:23'),
('71','71','9','1989-07-08 15:52:43','2011-01-17 01:26:51'),
('72','72','3','2017-05-02 11:57:37','1978-07-12 16:18:57'),
('73','73','5','1993-05-20 08:15:01','2003-09-16 10:34:41'),
('74','74','6','2010-02-08 02:41:13','1995-10-28 00:37:59'),
('75','75','2','1992-09-10 03:00:31','1988-07-20 21:16:55'),
('76','76','7','2009-07-19 15:45:31','2017-07-12 06:01:19'),
('77','77','6','1973-06-18 05:04:34','1996-03-26 19:05:28'),
('78','78','3','1982-09-25 14:21:00','1995-06-12 07:19:23'),
('79','79','3','1993-04-21 20:44:07','1999-08-05 23:34:42'),
('80','80','9','2007-08-28 23:59:53','1990-06-20 19:20:50'),
('81','81','9','1970-03-04 09:04:23','1989-04-19 06:00:09'),
('82','82','3','1990-08-29 06:02:07','1973-12-11 17:37:21'),
('83','83','3','2019-10-11 15:49:21','2011-09-25 21:06:45'),
('84','84','3','1977-02-16 05:06:28','2001-04-21 18:42:47'),
('85','85','9','2004-07-09 02:28:21','1987-09-10 19:56:58'),
('86','86','7','2020-05-18 02:12:57','2010-03-25 01:55:18'),
('87','87','9','2008-04-11 04:42:11','2015-09-26 14:07:08'),
('88','88','7','1980-02-03 22:46:41','1999-08-15 11:50:55'),
('89','89','2','1990-10-20 04:51:26','1984-09-22 04:25:18'),
('90','90','4','2003-11-09 07:46:15','1979-04-07 02:54:47'),
('91','91','1','2019-03-27 10:01:06','2008-10-11 08:03:54'),
('92','92','3','2017-08-13 03:51:00','2010-10-15 21:19:30'),
('93','93','7','2020-05-14 06:13:57','2003-07-19 05:02:37'),
('94','94','2','1983-01-05 02:00:26','1990-08-28 12:33:47'),
('95','95','4','1979-01-30 04:30:36','2018-12-12 17:10:40'),
('96','96','8','2014-03-14 16:25:39','2010-02-18 05:15:56'),
('97','97','2','2016-04-23 23:31:42','2016-03-02 13:10:02'),
('98','98','5','2014-05-06 12:23:30','1992-03-19 04:59:36'),
('99','99','9','2010-08-02 07:30:50','1987-02-18 02:14:44'),
('100','100','3','1996-03-22 18:32:45','1982-07-05 20:35:10'); 


DROP TABLE IF EXISTS `users`;
CREATE TABLE `users` (
  `id` int(10) unsigned NOT NULL AUTO_INCREMENT,
  `login` varchar(100) COLLATE utf8_unicode_ci NOT NULL,
  `email` varchar(100) COLLATE utf8_unicode_ci NOT NULL,
  `pwd_hash` char(40) COLLATE utf8_unicode_ci NOT NULL,
  `banned` tinyint(1) DEFAULT NULL,
  `favorite_director_id` int(10) unsigned DEFAULT NULL,
  `registration_date` datetime DEFAULT current_timestamp(),
  `last_activity_date` datetime DEFAULT current_timestamp(),
  PRIMARY KEY (`id`),
  UNIQUE KEY `login` (`login`),
  UNIQUE KEY `email` (`email`),
  KEY `favorite_director_id` (`favorite_director_id`),
  CONSTRAINT `users_ibfk_1` FOREIGN KEY (`favorite_director_id`) REFERENCES `directors` (`id`) ON DELETE SET NULL
) ENGINE=InnoDB AUTO_INCREMENT=101 DEFAULT CHARSET=utf8 COLLATE=utf8_unicode_ci;

INSERT INTO `users` VALUES ('1','aut','hintz.arturo@hotmail.com','3acf058140400d250b80eae297fe48a5fde648c9',NULL,'1','1981-08-03 05:54:31','1983-12-02 05:45:17'),
('2','quia','jessy17@schaeferrosenbaum.biz','9d77028b47734c7e27c05c7dfd8b165018e21677',NULL,'2','2009-10-04 17:45:03','1995-10-13 03:34:34'),
('3','excepturi','stroman.hershel@abernathy.net','17cb729913243d300823902c11c1e5cedb5a7281',NULL,'3','1989-06-27 01:01:58','1989-10-09 15:09:57'),
('4','repellat','fboyer@armstrong.com','98c2f4e8fa9e4c3d056a0f944fe2e857fbd14df3',NULL,'4','2010-06-15 19:01:06','1986-06-19 04:56:05'),
('5','et','senger.saul@hammes.com','2e94d4e4dd9d67bb344d78edf1a5bfafa74159e8',NULL,'5','1995-12-19 14:50:21','2014-09-10 21:05:48'),
('6','omnis','jodie36@morar.com','40b094d19cee3f9f99ce65d03fd3fdc32d0d1e94',NULL,'6','1986-09-16 06:27:19','1990-09-18 12:04:41'),
('7','exercitationem','karen.bogisich@mcglynn.biz','b1078d867bb06a36a208b25673b6889ea658149b',NULL,'7','2014-05-22 02:22:45','1976-06-16 01:16:30'),
('8','est','iokuneva@kautzerprice.com','7edea2383f0b285cf3b851d7ead94b440297db3c',NULL,'8','1998-12-14 23:36:09','1970-10-28 01:28:34'),
('9','harum','modesto07@vandervortsawayn.com','e5d765bbba40ca57061ea3d36e580b4922a24500',NULL,'9','2010-03-21 05:21:26','1975-11-29 09:51:53'),
('10','suscipit','xruecker@yahoo.com','bbed917ca327d36f38b17e2db15b914a01c7c94d',NULL,'10','2019-05-14 18:15:33','1971-12-12 05:36:01'),
('11','neque','vbailey@yahoo.com','46a480f320a1cb69c1839bfdc552d0882fcc833f',NULL,'11','1978-09-09 22:08:46','2015-02-17 12:25:55'),
('12','voluptates','kerluke.maria@yahoo.com','3056ffbeee3cba2e687d4b2626fda18a676003d4',NULL,'12','2002-08-15 23:59:35','1987-10-03 11:22:20'),
('13','sed','lesly.runolfsdottir@renner.com','ed72632943346ecefe5fa0dff1b9f8af9ad037db',NULL,'13','1990-03-30 01:07:35','2013-12-05 07:34:58'),
('14','culpa','luther.bashirian@hotmail.com','236ec3eb02b8ff78e18a53dddcad0d1f7886327a',NULL,'14','1980-08-21 23:36:44','1970-05-08 15:30:07'),
('15','beatae','thelma71@yahoo.com','03490db8129833cde15f6feb416efab32af8fa85',NULL,'15','1998-02-26 03:47:32','2002-01-01 14:19:56'),
('16','consequatur','liliane.botsford@yahoo.com','f67e25ff2a0dd7ecbf25dfc8330c22fec98d64d3',NULL,'16','2010-10-24 15:16:15','2010-07-18 07:04:51'),
('17','qui','chesley.lindgren@yahoo.com','eec68327f792f59a46bfeb9282fd6444cca8c6d2',NULL,'17','1981-03-21 10:09:36','2018-02-27 19:22:18'),
('18','magni','schmidt.mollie@douglasgutkowski.info','9176648ac1a2b3da01a5cff927ab9fc7dd7f3ce2',NULL,'18','2006-03-07 17:57:17','1982-01-26 01:52:28'),
('19','vero','ecole@nicolas.com','edff15b60f8c36f68bfdd36dcf86a86431a74846',NULL,'19','2001-03-29 21:35:16','2007-12-19 20:55:48'),
('20','optio','monica77@gmail.com','b5920737ba8769636c36eb59f4786c89ad368553',NULL,'20','2014-01-12 09:21:39','1980-12-23 10:20:27'),
('21','distinctio','zpfannerstill@beier.com','0c3575c9ee657a270b524a74fe0777591bea6996',NULL,'21','1979-09-30 19:03:20','1973-11-28 09:23:19'),
('22','id','koch.arianna@gmail.com','f611154a35a9026db127ac61a0afb210574fcb15',NULL,'22','1996-06-05 07:04:23','1978-01-02 04:31:32'),
('23','sapiente','vkassulke@hand.net','721121b3a9aae98e4f750c595283af1d59979da2',NULL,'23','1978-06-09 03:30:26','1992-12-20 22:57:44'),
('24','dolores','robert.rutherford@yahoo.com','cad382a4f69e273a8305c7645723abcf24d78c47',NULL,'24','1981-05-21 12:21:34','1972-06-25 22:59:41'),
('25','nisi','lemke.gia@gmail.com','ae21d763968e24ee02e4c2be8d12c84e07a3bf5f',NULL,'25','1999-09-19 01:24:41','2018-08-10 16:28:35'),
('26','a','klittel@wizachamplin.com','20340aeec24b3a7b525e7fd2deaf1290387fb345',NULL,'26','1995-02-11 23:13:36','1999-08-24 06:05:39'),
('27','sunt','howard.anderson@nienow.info','d02fe3dac697b6b20d276edf96e2aa4b75fa1080',NULL,'27','2013-05-18 05:12:58','2018-10-07 03:57:00'),
('28','maiores','kiel77@gmail.com','970328d859e4780a1e9985789d59ebee88d34bbb',NULL,'28','2010-06-30 21:16:00','1978-09-04 07:22:00'),
('29','sint','roberta.wehner@yahoo.com','ef90e6809115c70bbd1a72718132c78a390d49ad',NULL,'29','1975-11-21 15:37:52','1995-10-31 12:02:28'),
('30','possimus','jules94@oconnelldurgan.net','373091cabfc4c8dafd67be00f796e916be924598',NULL,'30','1982-07-30 15:05:08','2016-09-12 21:07:30'),
('31','voluptatem','nitzsche.myah@gmail.com','22ee9bb21463e08fe14aafe0915ba3b78c2bdf2a',NULL,'31','1993-11-11 20:49:57','1985-06-13 20:25:51'),
('32','ipsam','claude27@yahoo.com','e5074703db19654524377df81ba95c181d765586',NULL,'32','2007-08-29 02:07:45','1998-03-30 04:01:00'),
('33','veniam','mina.moore@yahoo.com','df69b043cb07955b8bae8dff976c82a422ad80ab',NULL,'33','1995-01-26 06:34:34','1994-04-27 14:30:52'),
('34','facere','ireilly@yahoo.com','6faf2f3a17d0a1a3c411521fadefd8349eac965b',NULL,'34','1990-01-14 03:45:26','1992-02-02 17:47:02'),
('35','molestiae','rowena.spinka@mantecrona.com','70b02aa62d161ee78511aff032268c465b1ece17',NULL,'35','1995-06-03 07:02:41','2001-11-30 11:30:32'),
('36','ex','alysa06@schaeferconnelly.com','7ca3985fc65f300995df259b7f46eb0c4f9a32fb',NULL,'36','2007-04-01 01:00:36','1975-11-27 03:31:07'),
('37','numquam','nwill@baileystark.com','13cfdb598c082d3078530d41d017ba8dba549cac',NULL,'37','1992-10-16 09:08:51','1992-09-10 10:28:57'),
('38','eveniet','nakia67@yahoo.com','55962605ff7d08540d7c62b551bcc29d97d79ae9',NULL,'38','2019-01-02 18:10:13','2015-09-08 10:26:33'),
('39','veritatis','co\'keefe@deckowmcclure.info','c5edc8374d8b475ffefa2e840b1e94b7e67b2644',NULL,'39','1997-02-17 12:26:17','2014-06-29 05:03:52'),
('40','aspernatur','gstamm@kautzernitzsche.com','fe55d9d6dd6d7d7f7b8ec550f79fb106137541e5',NULL,'40','2003-06-20 03:55:56','1989-05-25 01:05:11'),
('41','in','adalberto87@oconnell.com','55d50f85bf8b46307f7824189b1b1d32b0fd3e6c',NULL,'41','1984-02-06 06:18:01','1975-11-13 16:21:38'),
('42','reprehenderit','urippin@gmail.com','85bde6e7f31692cc4751088cdf5982ee1dde55a8',NULL,'42','1986-08-13 09:17:47','1998-06-24 11:32:47'),
('43','hic','brooklyn.heathcote@gmail.com','bc8fe34ae4493e494f02f58ee4796cf7223cd647',NULL,'43','2014-07-01 14:32:27','2003-08-09 10:44:49'),
('44','vel','ymann@yahoo.com','7677a760201eda267d2873fd429312c44ff7085e',NULL,'44','2015-02-07 17:31:51','1972-12-20 19:22:17'),
('45','impedit','gulgowski.eldora@rogahn.org','1a952ca6fe3e9a57fe9e7b92ee4a4ec90b2dd7fd',NULL,'45','2018-10-31 13:41:52','2000-12-07 10:06:02'),
('46','non','gdurgan@hotmail.com','1c1868037aee7de38cd9c044c16c9d55cc7dba5e',NULL,'46','2013-01-03 17:52:24','1989-11-08 14:41:23'),
('47','enim','gislason.kavon@hotmail.com','1d2eaab6ae4c44636b44cf1df3ea9257128f76e2',NULL,'47','2018-11-08 21:51:58','2006-09-02 03:54:44'),
('48','ipsa','hoppe.rubye@rennerhowe.net','8c3231762ea31f4b3432fcbee5e9f28bc3075574',NULL,'48','1970-12-15 04:53:59','1990-01-26 16:56:48'),
('49','delectus','gerlach.domenico@nadernitzsche.com','ca941625cbc1c49931bb80c44ebc54fdb8a73219',NULL,'49','1988-09-29 00:29:19','1973-01-16 06:49:04'),
('50','nobis','ford59@gmail.com','5bfd6cd3e6a16609d1311b22de601851263e6f7a',NULL,'50','1974-01-10 14:14:13','2005-09-10 01:26:27'),
('51','corrupti','winnifred.rempel@keeling.org','461e6b3f63e6845d5b34e1ac2f2e18235805d33e',NULL,'51','1987-09-13 03:06:38','1987-04-27 05:58:22'),
('52','fugiat','jparisian@gmail.com','1530723ccca8eada6e8f3515c6c1cb26db9be858',NULL,'52','2007-09-28 13:04:09','1991-08-29 08:06:03'),
('53','nostrum','joany76@smitham.org','00029f974c333a91a8a434591a95306171ce858b',NULL,'53','2008-07-22 01:19:06','1979-09-10 21:34:48'),
('54','corporis','yframi@hotmail.com','effe9d19fa42d0c764ab97c9336510d1c5605362',NULL,'54','1997-04-17 20:29:11','1990-05-24 21:47:35'),
('55','unde','colton36@ebert.com','a932bdcac0112c567e636ed966e1c6526fbec1f1',NULL,'55','1997-10-27 11:47:27','1973-11-23 04:51:45'),
('56','quo','koss.madyson@tremblaymante.com','afea106cd56676c5a98f27b000b536e62b9607a9',NULL,'56','1994-07-13 05:58:17','1979-12-03 17:17:00'),
('57','nemo','eve40@wehner.biz','85e502f5a185cd321db13ee5ee4dec48c88bb13a',NULL,'57','1972-04-24 05:51:32','2008-02-10 13:19:31'),
('58','voluptas','maxwell.murray@hotmail.com','6b831f87acbff1fe9e9cbe3dcde6723c88bd0744',NULL,'58','2010-09-20 00:11:16','2019-09-26 10:14:41'),
('59','ut','cfadel@fritsch.com','6dea34fe5d01c1e7594328d729b4c56353a1bcc0',NULL,'59','1988-05-05 00:58:48','1977-05-30 07:52:54'),
('60','perferendis','ally41@hellerrice.com','9f5882407dfadc5219bbd24a92f345b1c1898bb3',NULL,'60','1973-04-28 01:45:52','1988-01-31 22:44:01'),
('61','placeat','valerie54@roberts.com','6489f5a466d34186e5761d782a25100e0a09b9e3',NULL,'61','2004-06-06 07:12:56','2008-08-25 07:39:14'),
('62','natus','wisoky.kaela@gmail.com','ca76689a90aaf2ddfd22c70370c9730042c976e8',NULL,'62','2005-05-18 22:12:48','2010-05-01 10:32:45'),
('63','quos','kameron81@ondricka.com','92dfafd422867e509a71d26ffa465fd0642a03b3',NULL,'63','2011-04-20 09:45:02','2018-06-21 15:37:30'),
('64','perspiciatis','laurie24@hotmail.com','61fe899af0f9ad2e708051387ae8a3e39c31cc80',NULL,'64','2020-06-26 11:40:27','2004-07-04 17:26:18'),
('65','dolor','rashad00@hotmail.com','ce85774426edf9b69453d17b7c1ab28889f2858d',NULL,'65','1977-06-06 17:24:17','1975-12-26 00:13:15'),
('66','iste','lola.jaskolski@eichmann.com','f03198b0aab20c3dfe7448cbe4ebdbe25c781810',NULL,'66','1994-02-08 15:18:39','1981-05-25 13:51:29'),
('67','nulla','sigmund07@hilpert.com','b8a20417b4e0755788b95c84ac5b45d3fd68e55e',NULL,'67','1999-08-14 06:57:56','2005-12-15 00:35:58'),
('68','vitae','hsauer@shanahan.com','06f9d98143499ef822995ef868191a3d077e54d5',NULL,'68','2008-12-30 07:48:22','2003-10-01 07:46:32'),
('69','ducimus','mae.marks@gaylord.com','86c1d92f139c8da9e9bede51b6ea5a1ae9407f4d',NULL,'69','1997-06-21 00:20:32','1973-12-01 17:53:41'),
('70','commodi','herzog.verner@homenickkeebler.biz','c7149aea9335bb8d348d9fe5a91eba021563d2bb',NULL,'70','2017-09-07 16:41:23','2003-01-04 00:46:16'),
('71','laudantium','heaney.gregoria@hotmail.com','ea5ee841b29fda245a675fdea852b914606ff184',NULL,'71','1970-07-12 17:15:50','1978-03-05 09:34:11'),
('72','maxime','ophelia.kuhic@bogan.com','a246c7068a207380c1adb44e1535251ae8c7c371',NULL,'72','2006-06-19 00:14:33','2020-05-19 02:29:34'),
('73','cumque','frunte@hotmail.com','fee437db205c07873bf4617e64b3c37060ee67ee',NULL,'73','1996-10-29 21:09:11','2010-12-14 05:31:57'),
('74','necessitatibus','judge38@wilkinsonchamplin.net','4de53a89bb23f25315afabf89fe05bf8de526cca',NULL,'74','1973-11-06 12:25:38','1981-11-18 07:37:21'),
('75','voluptatum','zola77@yahoo.com','b309dd79b3e041caf9d78db83b027a4ee8396f32',NULL,'75','1985-05-13 19:22:55','1975-09-08 00:00:25'),
('76','dolorum','ihagenes@willmssawayn.com','1632c9ff3a13f9d6222c68f511be0943af0eddea',NULL,'76','1970-01-16 15:42:01','1970-05-19 02:54:38'),
('77','atque','hgerlach@bosco.biz','6e16d0169e95c161826093cf0d917d3302c7ae2c',NULL,'77','1981-12-29 04:47:23','1978-07-23 03:11:03'),
('78','eaque','rafaela49@hotmail.com','2d13f136e8a2f28534c75c49809a70631884c831',NULL,'78','2011-02-07 06:59:18','2013-03-03 21:01:41'),
('79','amet','cole.harmony@hotmail.com','62775102ce77385cb4c9f21d3ef8f55771316fa5',NULL,'79','1983-11-05 18:32:13','1973-01-22 09:34:19'),
('80','laboriosam','watson22@feeney.info','834ed7c5ec64603923af24a4bd0100d38d9a1d9e',NULL,'80','2003-03-13 22:47:50','1987-10-05 02:56:16'),
('81','quidem','williamson.columbus@hodkiewiczsmith.net','c65b7882e0a598eef2dcec799faeb5e5bfc0d04b',NULL,'81','1982-04-29 17:19:43','1981-05-31 03:22:16'),
('82','esse','igislason@pauceksteuber.com','0d45e93b3297626106460cc51410f2abe430fdd5',NULL,'82','2008-01-27 21:45:22','1979-06-09 15:49:56'),
('83','deserunt','mmayer@carrollmorissette.com','d38e3c253b8f48a952088749d5e6d52796fac1aa',NULL,'83','2001-10-24 06:47:55','2012-08-24 12:57:44'),
('84','rerum','al89@boylerogahn.com','46b69024bbf31267eba36e2bda1b667d7e611793',NULL,'84','1983-09-17 02:23:12','1983-05-06 01:48:00'),
('85','temporibus','lehner.bernadette@deckow.net','ab89e8de9d72cf2ab8779319cd70999ea6ec1117',NULL,'85','2010-12-08 05:59:34','2003-01-07 23:29:03'),
('86','iusto','boris88@yahoo.com','1a3441cb0fcee254b1fb06898dd728ff91d8c93f',NULL,'86','2015-10-09 17:22:23','1984-07-09 13:18:58'),
('87','dolorem','cayla.zieme@gmail.com','d1937784a9c9a711a4645da2a543220a06401cda',NULL,'87','1995-12-28 23:12:13','1995-09-14 06:23:16'),
('88','illum','rosendo03@gmail.com','563e374791e7d9352dd3b9f228dc4d1a9c388d2a',NULL,'88','1998-07-15 20:40:27','1989-06-04 16:05:13'),
('89','tenetur','dfadel@gmail.com','84bd7007169ff013258d3101888c8fb87a5c7fcc',NULL,'89','2012-11-22 08:24:58','1992-04-26 10:46:28'),
('90','saepe','ursula13@morar.com','9f744b351221aff7e5b391be91988f38188dc3e5',NULL,'90','1971-01-12 07:11:27','2006-02-08 10:29:42'),
('91','sit','hudson.klocko@sipespollich.biz','24fce2360f7f99d9200f623376f314b02310e0ab',NULL,'91','1990-04-15 19:15:51','2004-04-26 01:11:08'),
('92','nesciunt','nhansen@gmail.com','2b3775531e34b3dc8ad5a60a7285ea4ab7750b9f',NULL,'92','2016-08-01 10:42:13','1983-06-07 21:15:24'),
('93','cum','fkohler@gmail.com','f5fd096a8f5ce53750713c3a3806d7bf403aa490',NULL,'93','1990-06-17 18:22:26','1986-04-09 16:40:34'),
('94','assumenda','zbode@gmail.com','aae3c23508792d77d79804d4a7871121c15c0450',NULL,'94','1980-01-17 19:37:25','1981-11-23 18:46:03'),
('95','magnam','ole.harris@yahoo.com','8e78ef79a0f5e7507bf2a244204ec2832efecc3f',NULL,'95','1992-01-07 20:39:09','1993-07-02 16:59:03'),
('96','voluptate','kleuschke@yahoo.com','1b27ae3bd2b13ea06a43553ac7c0101e8b76fb72',NULL,'96','2010-05-07 03:15:58','1971-08-13 02:19:00'),
('97','officia','haley.schaefer@hotmail.com','50a3b77d2d94cbfcc5aca8342cd8277de07e4ac9',NULL,'97','1979-02-21 14:02:50','2020-08-19 15:58:12'),
('98','cupiditate','alexander94@harberwilliamson.biz','239f4a46afead2303bbe7421ef400aeae10aa8f6',NULL,'98','1974-02-12 08:18:32','2000-11-15 05:46:24'),
('99','fugit','labadie.cleveland@hotmail.com','49bc9458d2e4211c3518d1b4a7529a02df1c54d9',NULL,'99','1992-08-20 14:18:35','1992-06-10 09:57:27'),
('100','error','orn.edythe@yahoo.com','d04704bb4db63f625b28b7d5ddf577a07583be04',NULL,'100','2005-01-07 16:25:34','1973-05-06 15:49:43'); 




/*!40101 SET SQL_MODE=@OLD_SQL_MODE */;
/*!40014 SET FOREIGN_KEY_CHECKS=@OLD_FOREIGN_KEY_CHECKS */;
/*!40014 SET UNIQUE_CHECKS=@OLD_UNIQUE_CHECKS */;
/*!40101 SET CHARACTER_SET_CLIENT=@OLD_CHARACTER_SET_CLIENT */;
/*!40101 SET CHARACTER_SET_RESULTS=@OLD_CHARACTER_SET_RESULTS */;
/*!40101 SET COLLATION_CONNECTION=@OLD_COLLATION_CONNECTION */;
/*!40111 SET SQL_NOTES=@OLD_SQL_NOTES */;

