-- Generation time: Wed, 12 Aug 2020 20:41:08 +0000
-- Host: mysql.hostinger.ro
-- DB name: u574849695_24
/*!40030 SET NAMES UTF8 */;
/*!40101 SET @OLD_CHARACTER_SET_CLIENT=@@CHARACTER_SET_CLIENT */;
/*!40101 SET @OLD_CHARACTER_SET_RESULTS=@@CHARACTER_SET_RESULTS */;
/*!40101 SET @OLD_COLLATION_CONNECTION=@@COLLATION_CONNECTION */;
/*!40103 SET @OLD_TIME_ZONE=@@TIME_ZONE */;
/*!40103 SET TIME_ZONE='+00:00' */;
/*!40014 SET @OLD_UNIQUE_CHECKS=@@UNIQUE_CHECKS, UNIQUE_CHECKS=0 */;
/*!40014 SET @OLD_FOREIGN_KEY_CHECKS=@@FOREIGN_KEY_CHECKS, FOREIGN_KEY_CHECKS=0 */;
/*!40101 SET @OLD_SQL_MODE=@@SQL_MODE, SQL_MODE='NO_AUTO_VALUE_ON_ZERO' */;
/*!40111 SET @OLD_SQL_NOTES=@@SQL_NOTES, SQL_NOTES=0 */;

DROP TABLE IF EXISTS `comments`;
CREATE TABLE `comments` (
  `id` bigint(20) unsigned NOT NULL AUTO_INCREMENT,
  `user_id` bigint(20) unsigned NOT NULL,
  `post_id` bigint(20) unsigned NOT NULL,
  `body` text COLLATE utf8_unicode_ci DEFAULT NULL,
  `created_at` datetime DEFAULT current_timestamp(),
  `updated_at` datetime DEFAULT current_timestamp() ON UPDATE current_timestamp(),
  PRIMARY KEY (`id`),
  KEY `user_id` (`user_id`),
  KEY `post_id` (`post_id`),
  CONSTRAINT `comments_ibfk_1` FOREIGN KEY (`user_id`) REFERENCES `profiles` (`user_id`),
  CONSTRAINT `comments_ibfk_2` FOREIGN KEY (`post_id`) REFERENCES `posts` (`id`)
) ENGINE=InnoDB AUTO_INCREMENT=101 DEFAULT CHARSET=utf8 COLLATE=utf8_unicode_ci;

INSERT INTO `comments` VALUES ('1','1','1','Voluptas repellendus alias ut repudiandae qui in. Qui aliquid ad quod. Veniam ad corporis perspiciatis voluptatibus earum. Accusamus ea quam expedita dolorum aspernatur voluptatibus.','2000-03-27 12:00:22','2015-08-19 09:34:51'),
('2','2','2','Similique nostrum maiores consectetur excepturi dolor. Accusantium provident dolor accusamus ut quod ducimus. Est ut molestiae beatae sed accusamus sunt. Est illo ipsa quia quia ut culpa totam perspiciatis.','2015-01-04 02:08:01','2003-10-04 02:38:52'),
('3','3','3','Quisquam autem consequatur quia ea labore. Ratione cum molestias modi est optio. Et et blanditiis ut. Quia repudiandae dolorem labore eaque molestias. Voluptatibus nihil recusandae quo maiores qui ratione.','2013-06-09 18:21:00','1986-06-03 12:33:55'),
('4','4','4','Animi eius dignissimos sint dolores et expedita. Distinctio corrupti qui repellat ut qui animi. Quae ut ipsum iusto vitae. Id ut repudiandae consequatur minima eveniet officiis provident. Omnis odit debitis facere.','2012-04-01 12:56:37','1995-01-01 16:35:23'),
('5','5','5','Est nihil rerum eos aut corrupti. Voluptatem veritatis in quisquam ea fugiat qui excepturi. Odit accusamus ut consequatur incidunt ratione eum. Eos assumenda nulla necessitatibus placeat.','1977-05-22 03:35:19','1989-01-11 10:22:29'),
('6','6','6','Dolorem et dolores voluptatem omnis. Dolorem tempora iusto vitae odio amet odio est. Culpa a tenetur eos corporis illo laboriosam sed. Autem autem labore omnis omnis non quaerat et.','1973-02-21 15:12:14','1983-11-13 03:37:16'),
('7','7','7','Vel et amet voluptates et. Non asperiores voluptates neque repellendus ab repudiandae doloribus ab. Quia id nobis autem aliquid. Dolorem voluptatem provident qui soluta incidunt.','2011-05-18 08:50:34','2013-01-27 21:11:44'),
('8','8','8','Sed consequatur minima quis consectetur quaerat temporibus voluptas. Commodi est mollitia possimus non reiciendis distinctio rerum. Facere consectetur velit autem. Error dolor amet distinctio et delectus libero sint.','2001-11-24 08:08:08','1974-05-31 12:01:29'),
('9','9','9','Voluptatem est sit in. Ut mollitia facilis eum optio velit incidunt maiores. Qui voluptatem quas dolores. Qui enim omnis officia corporis rerum eveniet commodi.','2010-07-05 02:59:17','1973-04-04 14:21:31'),
('10','10','10','Quis eos et dolor ducimus eaque dolore. Amet molestias corrupti beatae porro est id. Amet nemo non sit eos suscipit ut exercitationem.','2008-04-24 05:50:58','1998-05-23 22:34:57'),
('11','11','11','Maxime odio sed vero eos non iusto. Vel maiores corporis ea id et. Pariatur officia sint ab voluptates dolore. Repellat ut cum voluptatem ipsam velit non.','1997-01-13 07:39:47','1993-05-10 01:18:00'),
('12','12','12','Adipisci modi voluptates vitae aut. Repellat nobis quis in impedit. Eos quo corrupti sunt dolores aut quis necessitatibus. Illo quia dignissimos praesentium aspernatur molestiae saepe rerum. Necessitatibus aut a consequatur in rerum quod nihil dolor.','1986-03-10 02:05:39','1990-01-08 00:17:34'),
('13','13','13','Ex perferendis nesciunt ratione dolore. Quia quaerat corrupti quod ipsam rerum nostrum adipisci. Iure molestias fugiat voluptate et sit id dolores.','2011-03-25 00:31:30','2012-08-08 00:02:17'),
('14','14','14','Non ut non fugit voluptates possimus. Aut ratione dolorem possimus. Sint delectus eius aut possimus. Maxime a dolorem vel omnis quibusdam.','1983-04-29 16:18:03','1979-03-26 02:54:09'),
('15','15','15','Illum iusto quo sint exercitationem iste. Quibusdam est quidem illum qui ea. Ab officia perferendis voluptatem nam. Aliquam maxime architecto quibusdam sapiente impedit omnis nihil.','2007-10-19 19:06:56','2010-10-08 06:12:06'),
('16','16','16','Exercitationem ut molestiae nesciunt natus asperiores accusantium. Iste rerum repudiandae et eaque voluptatem. Quo et consectetur repudiandae magnam. Libero aut sequi officiis soluta architecto quis.','1982-07-02 22:05:05','2000-10-24 17:33:16'),
('17','17','17','Qui praesentium aliquam quidem ut id ut corporis minus. Cupiditate consequuntur sapiente voluptate voluptatem perferendis et. Id aut hic veniam recusandae velit adipisci. Libero tenetur illo hic vel explicabo quia.','1988-04-04 21:08:25','2012-12-20 20:37:16'),
('18','18','18','Perspiciatis aut dignissimos voluptas nam ut quo quae. Modi necessitatibus ut excepturi sunt. Nihil magni magnam voluptas quis sed velit. Recusandae dolorem aut quam at et.','2006-07-26 07:07:53','1991-09-23 04:55:20'),
('19','19','19','Aut quidem veniam accusantium et eligendi. Maxime est rem recusandae sed nulla est. Ut facere et ut quibusdam dolores quis.','1984-06-04 06:00:05','2013-12-15 00:03:17'),
('20','20','20','Impedit accusantium incidunt provident repellendus laborum. Accusamus sunt quibusdam nobis id minima.','2019-09-19 01:43:18','1977-09-04 22:31:58'),
('21','21','21','Quae eum exercitationem dolore dolor doloribus a. Minima excepturi temporibus unde quis fugit. Quaerat enim asperiores quam nulla voluptatem atque nulla.','2010-07-31 20:34:20','2015-11-19 10:28:23'),
('22','22','22','Similique provident perferendis iste voluptatibus. Et asperiores suscipit tempora minima iure et accusamus.','1972-10-09 12:39:09','2019-07-20 00:36:06'),
('23','23','23','Suscipit eos veniam totam rerum dolores odio nihil. Rerum aperiam sunt velit sunt sit officia. Nisi iure expedita ut aliquam aut nostrum. Officiis aliquid aut modi modi.','1990-08-29 20:28:09','1970-02-16 11:13:22'),
('24','24','24','Quia accusamus numquam eum. Perferendis praesentium ut qui eos et. In nam inventore porro dolorem vitae eos debitis. Atque ut quia fugit odio est.','1976-07-06 16:41:15','1983-02-14 00:33:39'),
('25','25','25','Incidunt sunt ut vel excepturi incidunt pariatur. Et minima incidunt deserunt quaerat facilis illo voluptas incidunt. Commodi natus ut culpa ab consectetur.','2004-11-27 19:07:16','2018-10-28 10:54:39'),
('26','26','26','Eius quidem voluptatem quod quis praesentium est autem. Ducimus magnam sint fuga et. Ut amet ipsa numquam exercitationem consectetur.','2016-10-16 08:33:17','1983-09-21 13:03:46'),
('27','27','27','Velit qui eius non quasi a molestias. Rerum vero labore qui. Modi aperiam est nostrum expedita quos dolorem qui voluptates. Autem et id nihil ut quo.','2006-06-09 16:16:16','2010-10-06 08:57:38'),
('28','28','28','Molestias ullam laboriosam magnam eos et. Ex natus alias enim architecto necessitatibus eum eaque. Natus voluptatem fugiat quas nam vitae nam vel. Culpa dolor commodi nesciunt. Ipsam qui autem quis facere esse quod voluptatum.','1976-03-17 18:20:04','2008-07-05 00:04:31'),
('29','29','29','Illo similique eum repudiandae praesentium pariatur pariatur perspiciatis. Excepturi laboriosam deserunt fuga aperiam. Nisi omnis optio rerum unde debitis. Laboriosam reiciendis quae corporis et.','2001-09-06 23:07:07','2019-10-04 11:56:59'),
('30','30','30','Expedita eos quaerat et ea corrupti. Et aut nisi consequatur repudiandae.','1986-07-21 01:11:17','1984-03-15 05:22:49'),
('31','31','31','Suscipit ex iusto nam saepe asperiores sed incidunt. A hic non voluptas exercitationem illum. Eum sunt perspiciatis et facere laudantium numquam.','2020-06-05 08:55:19','1971-03-26 14:47:20'),
('32','32','32','Sint tempore et qui placeat. Sit qui voluptates eum dolorem dolore commodi quisquam. Optio nulla sequi doloremque nesciunt et mollitia ut. Minus minima ipsam earum quia.','1972-02-01 02:55:25','2020-06-21 21:36:13'),
('33','33','33','Explicabo dolorem error perferendis ipsum esse qui. Culpa quas quia minima fuga nisi odio corporis. Architecto et velit necessitatibus ratione. Modi non ab iure omnis nisi ex recusandae.','1999-05-01 09:38:21','1981-10-02 06:18:29'),
('34','34','34','Tempora dignissimos qui adipisci qui dolor explicabo et. Aut ut qui eos enim aut. Rerum quia sunt consequatur ipsa labore et consequatur.','2010-09-07 00:10:00','1972-11-16 06:11:19'),
('35','35','35','Provident voluptas sunt adipisci aperiam. Sint est ea qui minima. Repellendus consectetur ducimus sed est.','2018-03-01 07:14:11','2012-09-09 13:52:21'),
('36','36','36','Quod ut quas et a qui voluptas. A ut libero perspiciatis molestiae ratione iste culpa dicta. Et et quis natus et voluptates adipisci.','1984-03-07 10:27:48','1987-09-25 03:51:53'),
('37','37','37','Voluptatibus fugit excepturi suscipit enim. Nihil iure dolore cum modi nisi. Ut dolorum temporibus ut maxime est quas nesciunt. Non quas sunt magnam expedita consequatur est.','1976-12-25 02:31:22','2019-11-15 13:35:20'),
('38','38','38','Accusamus quas ut non. Quaerat nihil voluptatibus voluptatem beatae praesentium minus doloribus. Nemo nulla iste aliquam debitis. Quae magni tempora sunt ea ad similique. Ea et soluta aspernatur dolor.','2005-01-20 05:44:43','1975-12-05 02:40:44'),
('39','39','39','Corrupti eos in id eius ipsum. Corporis eius numquam provident est rerum quo. Tempore fugiat maiores atque et.','1995-12-03 08:00:44','1979-01-12 02:43:30'),
('40','40','40','Provident reiciendis quidem tempora aut sed ullam. Voluptas rerum iure est ut et eos. Beatae qui ad dolor natus aut quibusdam. Consequuntur laudantium quisquam aliquam expedita quod voluptas aliquid.','1986-06-18 20:57:38','2004-08-21 07:01:32'),
('41','41','41','Fugit sed assumenda sit et. Sed aut minima asperiores hic autem qui voluptas. Deserunt vel tenetur voluptatem nostrum aliquid rerum quo.','2005-07-17 13:55:43','1975-08-27 07:39:43'),
('42','42','42','Inventore et aspernatur officiis modi dolorem rerum quis incidunt. Voluptatem natus rerum sed sint qui sint. Molestiae id quo quibusdam at.','2012-12-26 12:30:45','1985-07-27 22:05:15'),
('43','43','43','Aliquam ut beatae voluptatem accusantium. Quia autem ut ipsum ratione tenetur. Ut atque cum eligendi et possimus autem omnis consectetur. Cumque nobis consequatur neque autem inventore id fugit. Sit tempore atque commodi sed beatae dolores.','1987-03-15 21:53:26','2004-04-24 04:58:14'),
('44','44','44','Velit magni rerum dolore architecto eos. Aliquid possimus labore voluptas eaque autem facilis. Aut optio molestiae autem non qui blanditiis aut. Ab ad voluptate quia ut.','1998-09-08 11:47:07','2007-11-01 00:22:44'),
('45','45','45','Porro possimus perspiciatis suscipit dolor at aut cupiditate. Sed cum dolore eos culpa amet veritatis et. Veritatis quisquam accusantium cum eligendi ratione corporis. Ipsum praesentium molestiae tempora deserunt quaerat aut. Exercitationem quam a mollitia ea.','1987-08-16 05:55:27','2018-05-16 06:55:53'),
('46','46','46','Ratione provident temporibus quaerat perspiciatis rerum ipsa. Omnis impedit provident voluptate dolorem. Non aut et error sit eius distinctio illo distinctio.','2017-08-16 23:45:16','1973-02-12 21:52:05'),
('47','47','47','Laboriosam facilis est quaerat at excepturi saepe id. Ut et ut possimus repellat perspiciatis. Porro molestiae atque dolor voluptatum fugit culpa ipsam.','1970-08-19 14:15:24','1977-11-28 13:00:51'),
('48','48','48','Et facilis et est molestias. Culpa quis voluptatem dolor dignissimos vitae. Repudiandae quia quas magni porro cupiditate dicta asperiores omnis. Maiores veritatis non cumque quod quis adipisci.','1971-12-08 07:20:30','2012-07-31 23:08:28'),
('49','49','49','Quo quis natus cupiditate unde enim molestiae. A est ut ut et dolore id aut. Sed ducimus nobis sit nihil ut voluptate. Magnam hic et tenetur.','1985-12-24 19:45:01','1977-07-22 02:47:33'),
('50','50','50','Quod tenetur et omnis ut odio. Labore ad similique non sint veritatis saepe. Voluptas explicabo fugiat ut quas voluptas vitae. Harum modi dolorem officia officiis consequatur repellendus.','1988-05-27 04:30:10','2012-05-28 11:28:42'),
('51','51','51','Ut atque eius dolores tenetur. Assumenda qui similique modi vero. Laborum et optio similique ipsam. Necessitatibus quisquam omnis occaecati amet esse asperiores.','2000-10-30 20:33:27','1995-09-23 07:33:42'),
('52','52','52','Quaerat qui iusto aut eum atque. Omnis atque laudantium et mollitia error. Possimus rerum odio dolorem culpa quia magni quod. Ea sunt libero dolorum quas laudantium qui.','2018-08-22 06:53:53','1996-10-05 14:28:54'),
('53','53','53','Id libero voluptatibus itaque et ullam cumque magnam repudiandae. Eum aut odit eos omnis dolor. Nihil repellat dignissimos impedit quasi eaque voluptate non.','1989-11-28 18:49:07','1988-08-22 20:56:16'),
('54','54','54','Quas nobis itaque fugiat. Error totam in mollitia. Tempora sit eum ipsa velit neque temporibus pariatur. Velit ipsum deleniti consectetur enim autem optio.','1974-12-03 02:48:32','1983-03-12 22:28:41'),
('55','55','55','Totam itaque ut voluptate aut incidunt minima aut. Reprehenderit porro eos et eos est consequatur aliquam. Alias quis natus adipisci quisquam perspiciatis.','2000-04-20 22:20:46','1971-10-07 12:21:47'),
('56','56','56','Quia saepe quas et sint dolores omnis. Sunt odio ea voluptatibus laboriosam ut repellendus. Quisquam quos ut atque nihil deserunt ex. Dolor nostrum soluta est sint.','2004-04-16 03:06:43','1998-03-10 03:32:48'),
('57','57','57','Quia debitis sunt autem laboriosam autem dicta expedita. Qui adipisci magnam repudiandae nobis sit. Quae tenetur natus dolorem. Voluptatum distinctio soluta et ut cupiditate nulla consequuntur excepturi.','1995-06-30 19:35:36','1998-02-05 04:54:22'),
('58','58','58','Ex atque quos eveniet adipisci. Rerum aut quod dignissimos earum adipisci. Commodi eveniet nisi labore voluptates omnis reiciendis dolores itaque. Unde et ut velit ducimus non autem.','1992-06-02 20:46:33','2000-11-24 00:01:40'),
('59','59','59','Sint qui consectetur enim vitae neque qui enim. Quas et sit modi ab minus dolorum. Error expedita fugit sint et optio.','1970-07-10 12:15:14','2014-06-03 23:27:34'),
('60','60','60','Sint in voluptatem earum officia assumenda omnis quae. Facere dolorem necessitatibus repudiandae deleniti iste sed omnis dolores. Atque sequi voluptatem officia nostrum est sint saepe non. Aliquid veniam dolores inventore ad.','2017-08-31 18:37:20','1992-03-28 02:31:46'),
('61','61','61','Minima quaerat qui voluptatibus vitae laborum hic et. Nemo placeat ut rerum et assumenda tempore at quia. Eos sunt voluptatem voluptatum distinctio fuga.','2003-02-28 23:12:09','1982-01-11 02:43:12'),
('62','62','62','Eveniet sunt aliquam praesentium deleniti veniam animi voluptas magnam. Eum molestiae cupiditate fugit sint. Voluptas dolore neque blanditiis molestias error sunt.','1973-05-08 11:22:53','2012-05-07 18:40:52'),
('63','63','63','Voluptatibus dolore repellat sed sit sunt. In autem sint rem enim. Reprehenderit illo totam dolores repellat neque. Aut minus voluptatum sed qui nobis doloremque omnis.','2003-09-04 18:54:39','1981-11-26 12:52:46'),
('64','64','64','Nihil et dolorem magni adipisci ratione vero. Et porro saepe et dignissimos neque necessitatibus.','1989-07-04 03:08:28','2018-11-27 00:14:08'),
('65','65','65','Sequi ut sequi voluptatem odio minus. Eius repudiandae maiores adipisci iure hic. Omnis non omnis impedit consequuntur consequatur vel. Repellendus fugiat nihil animi sint et rerum cupiditate temporibus. Quam nihil repellendus alias distinctio quis iste.','1974-10-25 06:45:09','2012-05-24 22:34:43'),
('66','66','66','Et aut qui dolores dicta. Et modi cupiditate accusamus nulla ut quam. Tempora id corporis fugiat cumque quo. Ipsam ex a fugiat modi quia id nobis.','2019-02-19 06:04:07','1970-06-03 16:41:38'),
('67','67','67','Quo est nisi cumque magnam. Numquam et laboriosam ut id et quam. Reprehenderit dolor similique occaecati in.','2015-07-13 08:52:16','1986-10-08 17:34:36'),
('68','68','68','Cumque quod quasi dolorum fugiat non autem. Perspiciatis id non et et. Quidem repudiandae laudantium illo tenetur sit. Autem vero perspiciatis dolores.','2002-12-26 08:57:58','1994-02-27 02:07:32'),
('69','69','69','Consectetur aut nostrum dolorem. Nihil vel soluta impedit ea libero voluptatem. Qui odit ex quibusdam.','1988-01-07 10:02:35','2013-12-14 06:45:04'),
('70','70','70','Sapiente aut et voluptates consequatur. Laborum quasi voluptatem adipisci aut nihil quo vitae. Sed earum sapiente rerum odit.','1996-01-17 01:11:45','2016-11-11 03:02:38'),
('71','71','71','Aliquam perferendis ipsum repellendus modi. Quasi harum voluptatem et quis non. Ipsam iste ullam sint error ab reprehenderit eligendi veritatis. Facilis nobis vero nam.','1981-03-24 17:05:12','2011-04-06 20:13:02'),
('72','72','72','Saepe aut eveniet et ratione. Velit ea illo et qui.','1991-01-15 19:23:48','1985-04-05 07:10:07'),
('73','73','73','Quos hic id qui eum et ipsum id. Dolor sit sed esse accusamus doloremque nihil veritatis. Sed magnam illo harum molestiae et.','1977-04-01 01:35:51','2005-07-06 05:18:23'),
('74','74','74','Rerum iure consequuntur odio beatae libero consequatur. Consequatur ex consectetur placeat quia dolore est omnis. Harum fugit culpa consequatur.','1976-07-23 05:23:57','2006-04-25 02:26:25'),
('75','75','75','Quisquam quia mollitia dolor. Vero ipsum mollitia et sed.','2007-08-11 07:38:01','1980-10-18 23:25:31'),
('76','76','76','Earum consequatur ullam enim. Qui quo magnam dolor a tempore. Atque alias veniam dolores non ducimus.','1990-04-21 17:29:56','1978-07-27 23:55:37'),
('77','77','77','Reiciendis aliquam sint aspernatur ratione eaque omnis voluptatibus. Maiores quia dolorem est. Nulla quo et aut perspiciatis dolore aut ipsa. Nihil laboriosam voluptatibus corrupti est et.','2017-02-22 05:55:12','1970-08-13 09:23:57'),
('78','78','78','Non consectetur nulla et iste aperiam qui quam. Dolore voluptatem non culpa eum odio architecto in possimus. Rerum perspiciatis voluptates molestiae et iste. In consequatur quia molestias dolorem est occaecati.','1984-10-22 04:44:14','2005-08-15 16:14:04'),
('79','79','79','Earum pariatur rem quo nihil. Impedit aspernatur nihil placeat omnis. Aut aut expedita ea non sunt ipsa ut.','1975-01-26 08:29:32','2016-08-26 20:00:16'),
('80','80','80','Ad suscipit qui odit sint facere. Iste placeat consectetur debitis explicabo odio fugit sit quasi. Nam in quam sit voluptate voluptatum. Facere velit sequi sunt fugit nemo velit.','1998-03-02 10:31:30','2008-07-31 15:36:40'),
('81','81','81','Et quia doloremque aut illo minima. Necessitatibus quod qui voluptatem magni. Ipsam consequatur voluptates quos dolores dicta consequatur. Beatae omnis est pariatur aut qui vero voluptatibus qui.','1996-02-18 06:37:37','1978-01-29 11:30:04'),
('82','82','82','Harum veritatis est soluta quasi. Est pariatur est ipsam molestias deleniti qui. Voluptas aliquid vel alias et ea est ut. Omnis velit dolores sapiente enim reprehenderit.','1999-10-25 16:56:06','1997-03-23 17:38:28'),
('83','83','83','Adipisci illum similique in quo. Corporis aperiam est non id quo et quis sunt. Ullam quas vel minima dolorem. Aspernatur cum voluptas ducimus eius qui.','1976-10-19 11:31:58','1999-05-01 17:23:12'),
('84','84','84','Commodi adipisci et quis non ipsum quia libero. Odit hic natus perspiciatis temporibus non dicta sint. Omnis omnis rerum similique accusamus tempora quo.','2019-05-27 21:48:15','1991-06-12 03:50:45'),
('85','85','85','Et doloremque in ea magni. Voluptate ratione minus nobis corrupti accusamus distinctio et est. Voluptatibus enim saepe pariatur voluptatem. Cupiditate et qui possimus et et voluptatem ea. Repudiandae et velit sed.','1981-02-13 02:09:16','2007-12-10 21:30:38'),
('86','86','86','Dolor voluptates tempora et est quis sint. Perferendis cumque esse quisquam ea. Voluptatibus et et quidem debitis officia. Vitae suscipit doloribus unde provident placeat aspernatur sunt.','2009-02-28 15:30:55','1986-07-13 12:13:46'),
('87','87','87','Qui delectus sed possimus. Aut commodi tempora nihil consectetur. Adipisci possimus quia unde sunt dicta.','1992-10-20 06:12:52','1985-07-02 09:37:17'),
('88','88','88','Eum eos vitae consequatur amet nam. Repellendus quis sed et. Aut a quam incidunt nesciunt. Quia fuga consequatur sit natus omnis.','2018-07-19 17:00:01','1996-08-08 22:16:45'),
('89','89','89','Culpa error consequuntur ut dolorum itaque natus quas. Est maxime ea et. Omnis reiciendis laborum molestiae praesentium. Et aut officia temporibus quis quasi et.','1993-02-03 03:54:53','2000-09-06 02:24:20'),
('90','90','90','Quisquam consequatur aliquam esse maiores distinctio ullam. Autem cum id quos voluptas necessitatibus. Ipsum aut non est accusantium alias illo.','1980-06-13 17:58:37','2011-11-17 06:00:13'),
('91','91','91','Corporis eos iste velit explicabo ut omnis ipsam. Et doloremque aspernatur error enim dolor id hic. Quibusdam similique sint quisquam quos dolore voluptas. Numquam totam labore dolor explicabo ea ipsum vero aliquid.','1971-03-09 16:38:35','1999-08-06 04:42:06'),
('92','92','92','Delectus cupiditate voluptatum quis vitae quasi molestiae. Qui quam est et. Architecto rem culpa laborum ut dicta amet autem.','2013-08-01 19:36:45','2012-07-14 07:05:51'),
('93','93','93','Omnis harum quibusdam explicabo voluptatem aut. Ut sit et iste dolor fugiat et quidem. Quia doloremque et ratione vel delectus iure atque. Molestias animi molestiae qui possimus beatae non in.','1970-11-26 19:52:37','1980-03-14 16:35:53'),
('94','94','94','Consequatur dolore aspernatur voluptatem eius consequatur aut. In provident quis eligendi. Ut doloremque enim soluta sed doloribus harum repudiandae. Distinctio voluptates adipisci ea nobis.','1994-05-19 22:31:25','2000-05-20 21:45:05'),
('95','95','95','Saepe et quia ut soluta. Iste ex nobis et eaque quas. Deleniti voluptas sed eos dignissimos recusandae iusto.','2018-08-24 17:08:37','2019-11-12 18:43:07'),
('96','96','96','Non aliquid non odit hic. Optio hic et soluta expedita.','2000-09-20 11:40:18','2002-07-30 20:07:09'),
('97','97','97','Aliquid necessitatibus totam ratione eaque. Sint nostrum quod autem vel nesciunt aperiam.','2020-03-08 15:10:14','1986-09-09 11:05:56'),
('98','98','98','Qui earum est cupiditate occaecati dolorem earum. Amet vel ratione tenetur provident ad ea molestias. Ex rem dolores earum nobis et et.','1994-06-14 14:00:08','2017-02-03 02:21:34'),
('99','99','99','Ad voluptas adipisci qui et beatae minus. Quo nihil distinctio laborum aliquid aspernatur. Quis possimus possimus veniam ad numquam iusto. Quia quia nulla et tempore et cum temporibus.','1973-09-10 14:11:19','1970-10-30 23:10:51'),
('100','100','100','Porro ab non corrupti nostrum eum pariatur. Sunt autem nihil error quas veritatis ad.','1995-06-18 17:18:19','1994-02-17 02:57:09'); 


DROP TABLE IF EXISTS `communities`;
CREATE TABLE `communities` (
  `id` bigint(20) unsigned NOT NULL AUTO_INCREMENT,
  `name` varchar(255) COLLATE utf8_unicode_ci DEFAULT NULL,
  PRIMARY KEY (`id`),
  KEY `name` (`name`)
) ENGINE=InnoDB AUTO_INCREMENT=101 DEFAULT CHARSET=utf8 COLLATE=utf8_unicode_ci;

INSERT INTO `communities` VALUES ('31','accusantium'),
('50','ad'),
('24','aliquam'),
('91','aperiam'),
('85','architecto'),
('3','aspernatur'),
('64','assumenda'),
('7','aut'),
('57','aut'),
('37','autem'),
('1','blanditiis'),
('74','cum'),
('53','cumque'),
('33','cupiditate'),
('76','cupiditate'),
('66','deleniti'),
('99','dolor'),
('89','dolorem'),
('48','dolores'),
('75','doloribus'),
('55','dolorum'),
('70','ea'),
('23','earum'),
('39','eius'),
('71','enim'),
('47','eos'),
('2','error'),
('9','error'),
('80','error'),
('90','esse'),
('73','est'),
('18','et'),
('30','et'),
('34','et'),
('88','et'),
('46','explicabo'),
('11','fuga'),
('77','id'),
('6','impedit'),
('72','impedit'),
('56','in'),
('51','ipsa'),
('67','iste'),
('4','iusto'),
('82','iusto'),
('29','labore'),
('16','laboriosam'),
('49','laudantium'),
('61','maiores'),
('68','modi'),
('63','molestias'),
('92','natus'),
('22','necessitatibus'),
('40','necessitatibus'),
('28','nobis'),
('38','non'),
('43','non'),
('62','nostrum'),
('86','nulla'),
('69','occaecati'),
('98','odit'),
('15','officia'),
('20','officia'),
('84','omnis'),
('12','pariatur'),
('79','possimus'),
('45','provident'),
('83','quas'),
('14','qui'),
('42','qui'),
('21','quia'),
('25','quia'),
('54','quia'),
('81','quia'),
('44','quibusdam'),
('52','repellendus'),
('17','sed'),
('5','sequi'),
('58','sit'),
('65','sit'),
('60','suscipit'),
('36','tenetur'),
('10','totam'),
('26','ullam'),
('87','ullam'),
('41','ut'),
('93','ut'),
('97','ut'),
('35','velit'),
('13','veritatis'),
('59','vero'),
('8','voluptas'),
('32','voluptas'),
('96','voluptas'),
('19','voluptatem'),
('78','voluptatem'),
('94','voluptatem'),
('95','voluptatem'),
('100','voluptatem'),
('27','voluptatibus'); 


DROP TABLE IF EXISTS `friend_requests`;
CREATE TABLE `friend_requests` (
  `initiator_user_id` bigint(20) unsigned NOT NULL,
  `target_user_id` bigint(20) unsigned NOT NULL,
  `status` enum('requested','approved','unfriended','decline') COLLATE utf8_unicode_ci DEFAULT 'requested',
  `requested_add` datetime DEFAULT current_timestamp(),
  `updated_at` datetime DEFAULT NULL,
  PRIMARY KEY (`initiator_user_id`,`target_user_id`),
  KEY `friend_requests_iui_idx` (`initiator_user_id`),
  KEY `target_user_id` (`target_user_id`),
  CONSTRAINT `friend_requests_fk1` FOREIGN KEY (`initiator_user_id`) REFERENCES `profiles` (`user_id`),
  CONSTRAINT `friend_requests_ibfk_1` FOREIGN KEY (`target_user_id`) REFERENCES `profiles` (`user_id`)
) ENGINE=InnoDB DEFAULT CHARSET=utf8 COLLATE=utf8_unicode_ci;

INSERT INTO `friend_requests` VALUES ('1','1','requested','2005-08-12 16:15:06','1989-01-23 19:37:57'),
('2','2','unfriended','1983-01-08 14:45:29','2015-06-16 20:44:05'),
('3','3','approved','2005-12-24 00:44:38','1989-08-11 16:11:22'),
('4','4','requested','1983-06-12 16:45:21','2004-10-05 08:10:40'),
('5','5','requested','1983-12-05 05:21:53','2000-06-05 15:44:17'),
('6','6','requested','1980-05-14 22:04:06','2003-12-06 21:21:21'),
('7','7','approved','1972-03-29 13:57:54','2003-11-26 14:01:34'),
('8','8','unfriended','2018-05-10 17:30:33','2006-09-19 07:12:03'),
('9','9','unfriended','1997-03-31 22:04:22','1994-03-23 21:12:07'),
('10','10','unfriended','1987-03-23 09:24:36','2018-12-23 13:33:45'),
('11','11','decline','1997-02-07 08:15:30','2002-07-19 01:49:02'),
('12','12','unfriended','1984-10-24 17:41:37','1980-09-01 06:03:42'),
('13','13','decline','1983-06-29 03:44:37','2013-03-01 19:14:11'),
('14','14','approved','1973-10-19 07:08:22','2015-09-29 15:20:38'),
('15','15','unfriended','2015-06-16 06:11:32','2003-11-21 21:07:51'),
('16','16','decline','1996-12-13 16:55:25','1999-02-03 09:36:25'),
('17','17','decline','2015-12-17 08:40:57','2001-12-25 21:23:08'),
('18','18','approved','1976-04-04 11:28:29','1978-10-09 12:05:30'),
('19','19','approved','1971-11-21 08:59:03','2020-03-17 15:34:43'),
('20','20','requested','1975-03-23 13:55:33','2010-05-04 21:39:27'),
('21','21','unfriended','1973-08-24 12:04:48','1976-10-13 14:53:09'),
('22','22','decline','1984-02-05 19:06:04','2012-06-27 07:04:09'),
('23','23','requested','1999-12-04 20:41:28','1987-12-05 03:16:19'),
('24','24','requested','2008-12-29 01:48:06','2003-05-24 15:25:39'),
('25','25','decline','2008-05-06 02:18:12','2014-07-19 03:39:03'),
('26','26','requested','1995-12-25 12:38:09','1983-02-05 08:41:44'),
('27','27','approved','1973-07-22 07:44:20','1988-10-04 16:22:28'),
('28','28','requested','2013-09-21 07:13:59','2009-12-29 04:24:42'),
('29','29','unfriended','2001-05-04 11:15:47','1986-08-09 18:53:42'),
('30','30','approved','1986-02-27 12:00:40','1978-11-10 17:28:19'),
('31','31','requested','1987-02-04 07:01:49','1980-02-21 05:07:31'),
('32','32','approved','2007-02-07 05:11:53','1992-03-11 19:46:19'),
('33','33','unfriended','1971-06-24 23:38:20','1974-02-05 10:22:52'),
('34','34','decline','2010-06-21 03:03:02','1997-09-17 13:06:40'),
('35','35','requested','2013-08-26 15:24:40','2012-04-10 21:05:13'),
('36','36','unfriended','1992-11-13 14:26:31','1981-04-23 20:51:15'),
('37','37','requested','1999-02-05 13:40:06','2003-06-24 03:13:07'),
('38','38','requested','1983-04-12 21:16:25','1994-02-09 13:37:00'),
('39','39','unfriended','1996-10-12 01:18:45','1997-05-06 12:43:09'),
('40','40','approved','1998-12-27 13:34:32','1975-10-03 06:36:05'),
('41','41','approved','2016-02-05 06:43:45','2006-06-16 23:03:18'),
('42','42','decline','2003-11-29 10:19:08','2002-01-17 12:43:54'),
('43','43','unfriended','1994-06-07 01:03:45','1990-09-08 13:26:58'),
('44','44','approved','1992-08-06 12:48:35','1974-04-19 22:58:44'),
('45','45','approved','1998-10-26 08:23:38','1998-01-05 17:13:51'),
('46','46','approved','1987-03-30 22:36:20','2000-04-23 11:11:03'),
('47','47','requested','1995-10-15 01:24:57','2014-06-25 21:57:25'),
('48','48','requested','2002-08-31 08:20:00','1978-12-09 05:15:13'),
('49','49','unfriended','2011-05-20 23:10:40','1995-08-26 11:11:24'),
('50','50','decline','1970-03-14 22:57:08','1979-12-25 10:13:45'),
('51','51','decline','1988-01-24 04:17:01','1996-01-10 06:20:14'),
('52','52','requested','1975-04-02 22:46:12','2000-12-30 20:45:58'),
('53','53','requested','1979-03-14 21:58:52','1979-04-17 09:07:23'),
('54','54','approved','1980-03-20 10:24:37','1988-11-19 01:19:53'),
('55','55','decline','1985-06-09 16:30:20','1991-09-26 18:24:02'),
('56','56','decline','2010-02-24 02:23:01','1971-11-21 09:43:52'),
('57','57','requested','1988-06-11 22:07:02','2019-09-07 20:55:04'),
('58','58','approved','2004-08-13 19:03:16','2020-02-07 08:08:53'),
('59','59','decline','1981-05-23 22:02:31','1994-08-13 17:05:02'),
('60','60','unfriended','1985-07-17 02:18:15','1986-04-04 14:32:04'),
('61','61','requested','1986-08-31 19:34:26','2003-10-09 02:53:25'),
('62','62','approved','2006-07-10 08:27:59','1996-10-03 00:36:49'),
('63','63','approved','1989-02-21 05:05:02','1987-08-13 23:55:21'),
('64','64','unfriended','1972-07-19 15:51:06','2000-01-11 00:36:34'),
('65','65','unfriended','1997-04-30 06:21:02','2014-09-20 13:52:41'),
('66','66','unfriended','2003-07-13 04:45:55','1974-06-05 23:28:50'),
('67','67','requested','1978-04-28 05:01:23','2006-09-15 15:44:04'),
('68','68','approved','1991-07-17 02:16:33','2017-05-14 02:14:09'),
('69','69','approved','2017-11-12 19:30:09','1992-04-15 22:29:54'),
('70','70','approved','1994-07-03 18:14:43','1979-02-21 14:10:27'),
('71','71','approved','1994-05-11 18:03:48','2005-04-09 07:32:41'),
('72','72','approved','2008-07-02 14:31:58','2009-05-24 09:51:56'),
('73','73','unfriended','1977-05-31 14:07:24','1991-03-11 17:29:36'),
('74','74','decline','1989-04-08 23:48:40','1985-11-24 00:23:31'),
('75','75','approved','1988-11-04 15:13:44','2020-03-09 01:20:00'),
('76','76','approved','1999-03-06 07:42:41','1990-10-04 11:27:37'),
('77','77','requested','1999-11-15 10:57:53','1984-08-10 06:59:13'),
('78','78','decline','2013-04-02 02:04:54','2002-02-16 11:23:39'),
('79','79','decline','2004-08-24 14:38:40','2018-05-12 23:18:46'),
('80','80','decline','2016-12-08 10:41:34','2007-01-15 08:59:46'),
('81','81','decline','1998-08-16 09:12:23','2019-11-01 23:05:29'),
('82','82','unfriended','1988-07-25 09:28:44','1984-05-04 10:21:55'),
('83','83','decline','1976-10-27 12:07:13','1983-01-01 04:18:16'),
('84','84','requested','1973-07-19 15:04:57','2015-04-14 23:25:41'),
('85','85','unfriended','2004-08-18 13:38:53','1989-12-11 09:53:26'),
('86','86','approved','1975-11-17 10:21:14','2013-03-16 22:12:42'),
('87','87','unfriended','1993-07-31 14:36:47','1982-10-25 21:59:39'),
('88','88','unfriended','2001-02-08 04:04:47','2006-04-22 17:49:06'),
('89','89','requested','1981-03-24 18:41:17','1977-09-07 05:59:59'),
('90','90','decline','2001-02-03 10:29:24','2014-09-03 03:06:16'),
('91','91','approved','2012-08-18 17:52:30','1970-07-15 05:22:46'),
('92','92','approved','2018-11-22 17:06:02','1975-05-30 02:50:51'),
('93','93','requested','1992-08-27 14:44:28','1993-01-02 09:23:28'),
('94','94','decline','1997-06-13 10:47:57','1970-09-01 15:56:48'),
('95','95','decline','1981-09-07 19:56:09','1987-11-06 18:02:55'),
('96','96','decline','1971-11-15 05:48:22','1992-02-21 10:07:54'),
('97','97','decline','2002-07-04 13:17:05','2020-06-01 00:07:58'),
('98','98','approved','1977-02-18 16:33:03','1996-12-09 20:45:39'),
('99','99','approved','1986-03-03 11:25:10','1992-10-31 01:44:06'),
('100','100','decline','2009-02-16 18:41:58','1983-11-01 22:45:11'); 


DROP TABLE IF EXISTS `likes_media`;
CREATE TABLE `likes_media` (
  `user_id` bigint(20) unsigned NOT NULL,
  `music_id` bigint(20) unsigned NOT NULL,
  `video_id` bigint(20) unsigned NOT NULL,
  `photos_id` bigint(20) unsigned NOT NULL,
  `liked_at` datetime DEFAULT current_timestamp(),
  PRIMARY KEY (`user_id`,`music_id`,`video_id`,`photos_id`),
  KEY `music_id` (`music_id`),
  KEY `video_id` (`video_id`),
  KEY `photos_id` (`photos_id`),
  CONSTRAINT `likes_media_ibfk_1` FOREIGN KEY (`user_id`) REFERENCES `profiles` (`user_id`),
  CONSTRAINT `likes_media_ibfk_2` FOREIGN KEY (`music_id`) REFERENCES `music` (`id`),
  CONSTRAINT `likes_media_ibfk_3` FOREIGN KEY (`video_id`) REFERENCES `video` (`id`),
  CONSTRAINT `likes_media_ibfk_4` FOREIGN KEY (`photos_id`) REFERENCES `photos` (`id`)
) ENGINE=InnoDB DEFAULT CHARSET=utf8 COLLATE=utf8_unicode_ci;

INSERT INTO `likes_media` VALUES ('1','1','1','1','1971-12-07 00:33:44'),
('2','2','2','2','2013-09-13 23:08:30'),
('3','3','3','3','1978-05-22 13:12:14'),
('4','4','4','4','2012-12-29 23:48:08'),
('5','5','5','5','2009-09-30 00:34:24'),
('6','6','6','6','1976-07-09 21:58:22'),
('7','7','7','7','1975-05-05 05:24:30'),
('8','8','8','8','1973-11-11 10:18:29'),
('9','9','9','9','1993-08-13 03:18:17'),
('10','10','10','10','1995-09-23 00:30:37'),
('11','11','11','11','2017-06-30 15:37:21'),
('12','12','12','12','1977-08-28 00:32:30'),
('13','13','13','13','1974-06-03 14:34:08'),
('14','14','14','14','2015-10-28 01:58:56'),
('15','15','15','15','1997-12-10 18:39:34'),
('16','16','16','16','1987-09-19 17:49:36'),
('17','17','17','17','1993-11-02 16:37:36'),
('18','18','18','18','1985-12-27 04:47:59'),
('19','19','19','19','2016-10-20 15:57:01'),
('20','20','20','20','1973-01-03 21:35:03'),
('21','21','21','21','2007-07-14 00:02:13'),
('22','22','22','22','2001-11-15 17:33:39'),
('23','23','23','23','2002-10-05 18:47:34'),
('24','24','24','24','2007-01-19 20:13:17'),
('25','25','25','25','1995-10-04 00:05:44'),
('26','26','26','26','2000-08-02 19:30:45'),
('27','27','27','27','1976-03-26 11:22:38'),
('28','28','28','28','1977-03-12 16:28:24'),
('29','29','29','29','1987-08-08 22:03:01'),
('30','30','30','30','1999-06-15 02:25:12'),
('31','31','31','31','2017-06-16 07:19:48'),
('32','32','32','32','2016-01-26 06:33:58'),
('33','33','33','33','2005-02-19 02:09:37'),
('34','34','34','34','1997-08-06 17:55:13'),
('35','35','35','35','2001-04-29 06:54:30'),
('36','36','36','36','1987-04-24 08:33:55'),
('37','37','37','37','2018-11-07 21:24:29'),
('38','38','38','38','1991-10-09 02:58:53'),
('39','39','39','39','2017-01-14 01:28:15'),
('40','40','40','40','1976-12-21 11:44:19'),
('41','41','41','41','2019-02-18 23:26:09'),
('42','42','42','42','1991-10-09 00:30:29'),
('43','43','43','43','1991-11-28 16:43:22'),
('44','44','44','44','1989-04-11 06:07:26'),
('45','45','45','45','2012-03-25 07:44:14'),
('46','46','46','46','2004-11-16 19:14:37'),
('47','47','47','47','1977-03-26 04:12:15'),
('48','48','48','48','2001-07-03 01:48:16'),
('49','49','49','49','2005-04-07 16:55:27'),
('50','50','50','50','2000-04-02 00:43:47'),
('51','51','51','51','1973-03-13 16:57:55'),
('52','52','52','52','1972-08-28 19:48:16'),
('53','53','53','53','1997-02-15 15:29:47'),
('54','54','54','54','2000-02-04 00:09:19'),
('55','55','55','55','2020-06-26 20:58:10'),
('56','56','56','56','1990-12-17 19:00:43'),
('57','57','57','57','1975-03-06 13:59:04'),
('58','58','58','58','1975-07-13 20:02:21'),
('59','59','59','59','1997-10-17 13:26:34'),
('60','60','60','60','1975-02-06 05:38:34'),
('61','61','61','61','1995-01-09 04:47:12'),
('62','62','62','62','1993-05-24 00:51:13'),
('63','63','63','63','1976-09-19 00:01:46'),
('64','64','64','64','1976-11-03 21:32:33'),
('65','65','65','65','1990-12-17 23:46:40'),
('66','66','66','66','2016-09-28 11:31:20'),
('67','67','67','67','1992-09-03 08:49:32'),
('68','68','68','68','2000-01-19 01:08:15'),
('69','69','69','69','1991-09-05 11:52:08'),
('70','70','70','70','1995-04-14 14:53:57'),
('71','71','71','71','1972-11-22 06:02:14'),
('72','72','72','72','2016-06-21 13:34:47'),
('73','73','73','73','1994-05-03 11:40:21'),
('74','74','74','74','1988-10-22 05:10:50'),
('75','75','75','75','2018-05-23 13:29:44'),
('76','76','76','76','1974-08-30 01:53:58'),
('77','77','77','77','1993-06-17 01:48:33'),
('78','78','78','78','1977-03-10 10:32:54'),
('79','79','79','79','2007-07-27 07:19:44'),
('80','80','80','80','1975-01-21 13:46:42'),
('81','81','81','81','1994-08-02 11:33:45'),
('82','82','82','82','1991-04-13 21:14:53'),
('83','83','83','83','1985-03-03 07:36:12'),
('84','84','84','84','1988-06-27 13:06:26'),
('85','85','85','85','1998-12-09 17:12:08'),
('86','86','86','86','1987-08-21 06:31:35'),
('87','87','87','87','2007-12-14 03:45:19'),
('88','88','88','88','1996-03-19 09:47:42'),
('89','89','89','89','2011-02-05 19:44:59'),
('90','90','90','90','2006-03-28 06:13:19'),
('91','91','91','91','2016-10-28 03:15:10'),
('92','92','92','92','2012-06-03 20:19:44'),
('93','93','93','93','2013-10-16 11:57:41'),
('94','94','94','94','2019-02-24 23:09:12'),
('95','95','95','95','1997-11-15 23:33:16'),
('96','96','96','96','2013-02-20 21:37:48'),
('97','97','97','97','2008-02-20 22:22:17'),
('98','98','98','98','1977-06-06 06:15:40'),
('99','99','99','99','2010-05-27 15:39:02'),
('100','100','100','100','2018-07-26 01:23:47'); 


DROP TABLE IF EXISTS `likes_posts`;
CREATE TABLE `likes_posts` (
  `user_id` bigint(20) unsigned NOT NULL,
  `posts_id` bigint(20) unsigned NOT NULL,
  `liked_at` datetime DEFAULT current_timestamp(),
  KEY `user_id` (`user_id`),
  KEY `posts_id` (`posts_id`),
  CONSTRAINT `likes_posts_ibfk_1` FOREIGN KEY (`user_id`) REFERENCES `profiles` (`user_id`),
  CONSTRAINT `likes_posts_ibfk_2` FOREIGN KEY (`posts_id`) REFERENCES `posts` (`id`)
) ENGINE=InnoDB DEFAULT CHARSET=utf8 COLLATE=utf8_unicode_ci;

INSERT INTO `likes_posts` VALUES ('1','1','1990-10-09 18:53:26'),
('2','2','1986-04-22 06:47:48'),
('3','3','1971-04-20 02:08:23'),
('4','4','2014-01-31 11:27:56'),
('5','5','2011-10-04 00:51:44'),
('6','6','2019-11-06 06:34:30'),
('7','7','1986-12-22 05:02:41'),
('8','8','1972-09-20 00:21:46'),
('9','9','1977-01-20 15:02:46'),
('10','10','1989-05-20 16:18:51'),
('11','11','1976-06-13 18:45:46'),
('12','12','2016-02-18 16:57:43'),
('13','13','1980-09-11 18:02:45'),
('14','14','2000-06-12 06:53:38'),
('15','15','2014-12-04 00:07:15'),
('16','16','2006-06-07 02:46:31'),
('17','17','2013-12-06 13:10:03'),
('18','18','1990-12-30 17:03:12'),
('19','19','1987-07-03 02:16:57'),
('20','20','2002-03-31 02:17:56'),
('21','21','1997-09-16 16:31:40'),
('22','22','1996-08-24 17:53:50'),
('23','23','2012-01-27 12:40:44'),
('24','24','2017-01-20 08:21:48'),
('25','25','1992-08-08 08:36:24'),
('26','26','2003-01-14 10:03:45'),
('27','27','2020-07-29 08:47:18'),
('28','28','1989-09-13 03:36:19'),
('29','29','1984-02-19 04:47:48'),
('30','30','2011-07-15 14:38:48'),
('31','31','2013-08-11 04:15:02'),
('32','32','2016-04-21 06:52:42'),
('33','33','1995-12-08 03:34:33'),
('34','34','1980-06-13 11:57:13'),
('35','35','1999-05-11 15:43:32'),
('36','36','1987-08-08 20:28:03'),
('37','37','2018-10-04 18:51:59'),
('38','38','2001-06-22 21:05:01'),
('39','39','1975-10-08 16:35:05'),
('40','40','1986-12-10 22:38:33'),
('41','41','2003-12-03 21:31:08'),
('42','42','1995-02-19 11:15:51'),
('43','43','2010-01-29 08:00:51'),
('44','44','1993-11-14 03:55:52'),
('45','45','1981-10-08 07:59:53'),
('46','46','1991-06-20 14:21:36'),
('47','47','1981-11-29 18:57:02'),
('48','48','2016-05-28 16:21:16'),
('49','49','1974-01-26 02:31:53'),
('50','50','2005-05-04 02:32:01'),
('51','51','1994-01-04 15:17:24'),
('52','52','1997-09-20 13:34:48'),
('53','53','2000-07-28 07:21:53'),
('54','54','2010-06-27 19:49:17'),
('55','55','2009-11-25 20:10:12'),
('56','56','1988-12-18 05:21:25'),
('57','57','2005-09-03 18:07:18'),
('58','58','1992-12-04 18:03:03'),
('59','59','1973-12-31 09:51:07'),
('60','60','2019-06-20 18:08:43'),
('61','61','2000-09-24 16:58:55'),
('62','62','1990-11-14 17:03:35'),
('63','63','2019-10-13 03:33:02'),
('64','64','1991-08-17 03:28:31'),
('65','65','2014-05-08 13:54:17'),
('66','66','2004-07-14 20:34:40'),
('67','67','2014-08-05 01:35:41'),
('68','68','1981-10-23 15:33:58'),
('69','69','1993-04-13 22:28:11'),
('70','70','1974-07-15 15:12:09'),
('71','71','2004-09-24 01:47:41'),
('72','72','2003-12-25 23:22:33'),
('73','73','1984-07-07 16:03:37'),
('74','74','2005-07-04 03:40:48'),
('75','75','1986-04-06 10:03:46'),
('76','76','1978-03-28 02:20:23'),
('77','77','1984-04-14 08:54:23'),
('78','78','2007-08-26 13:42:08'),
('79','79','2018-08-19 02:34:50'),
('80','80','2001-08-13 03:15:11'),
('81','81','1978-03-23 04:31:19'),
('82','82','1983-03-24 04:44:55'),
('83','83','1980-10-12 09:50:44'),
('84','84','1993-04-10 04:10:11'),
('85','85','1995-03-22 18:24:05'),
('86','86','1985-01-05 02:36:08'),
('87','87','1984-10-23 17:10:00'),
('88','88','1998-02-06 12:11:35'),
('89','89','1999-03-08 23:07:37'),
('90','90','1989-04-16 21:25:31'),
('91','91','1985-12-07 13:44:32'),
('92','92','1975-06-19 10:03:16'),
('93','93','2014-09-06 14:10:32'),
('94','94','1972-08-05 02:52:58'),
('95','95','1996-05-28 06:59:57'),
('96','96','2005-10-11 18:35:31'),
('97','97','1992-03-27 09:24:36'),
('98','98','2010-09-26 15:53:25'),
('99','99','1974-01-08 07:50:06'),
('100','100','1994-09-17 10:49:18'); 


DROP TABLE IF EXISTS `likes_users`;
CREATE TABLE `likes_users` (
  `user_id` bigint(20) unsigned NOT NULL,
  `liked_by` bigint(20) unsigned NOT NULL,
  `liked_at` datetime DEFAULT current_timestamp(),
  UNIQUE KEY `liked_by` (`liked_by`),
  KEY `user_id` (`user_id`),
  CONSTRAINT `likes_users_ibfk_1` FOREIGN KEY (`user_id`) REFERENCES `profiles` (`user_id`),
  CONSTRAINT `likes_users_ibfk_2` FOREIGN KEY (`liked_by`) REFERENCES `profiles` (`user_id`)
) ENGINE=InnoDB DEFAULT CHARSET=utf8 COLLATE=utf8_unicode_ci;

INSERT INTO `likes_users` VALUES ('1','1','1971-04-30 11:46:35'),
('2','2','2000-10-27 13:20:50'),
('3','3','1973-12-11 22:20:22'),
('4','4','2005-03-08 20:33:40'),
('5','5','2008-10-01 02:11:09'),
('6','6','1992-10-08 23:57:56'),
('7','7','1978-06-22 02:16:13'),
('8','8','1996-05-22 00:18:54'),
('9','9','2009-04-24 09:26:33'),
('10','10','1987-06-12 03:13:54'),
('11','11','2000-06-01 12:31:06'),
('12','12','1975-09-01 09:41:41'),
('13','13','2018-06-28 08:37:14'),
('14','14','2000-05-06 00:27:33'),
('15','15','2011-04-03 18:15:44'),
('16','16','1970-04-17 18:18:21'),
('17','17','1996-07-31 20:33:11'),
('18','18','1998-10-20 15:09:39'),
('19','19','1970-08-03 19:02:16'),
('20','20','2003-03-19 22:35:44'),
('21','21','2020-01-27 18:15:28'),
('22','22','2008-03-30 00:44:34'),
('23','23','2007-11-11 20:03:08'),
('24','24','1995-08-26 00:57:46'),
('25','25','2010-01-08 02:55:23'),
('26','26','1986-11-08 12:13:17'),
('27','27','1989-11-05 08:09:25'),
('28','28','2003-07-08 18:42:59'),
('29','29','2004-11-16 18:10:14'),
('30','30','1979-12-22 06:04:05'),
('31','31','2012-11-23 20:14:04'),
('32','32','1983-06-13 11:08:10'),
('33','33','1976-11-29 04:26:55'),
('34','34','2008-12-04 14:43:46'),
('35','35','1998-06-08 15:57:19'),
('36','36','1993-12-26 12:09:53'),
('37','37','1994-11-08 08:10:51'),
('38','38','1988-11-17 21:33:48'),
('39','39','2009-05-28 09:06:06'),
('40','40','2004-09-11 11:10:57'),
('41','41','2015-10-14 15:15:01'),
('42','42','2010-09-25 16:47:58'),
('43','43','1994-12-23 07:49:33'),
('44','44','2018-05-01 21:40:32'),
('45','45','1989-02-02 07:22:33'),
('46','46','1970-04-09 12:30:01'),
('47','47','1987-03-15 00:51:19'),
('48','48','1983-07-06 07:15:46'),
('49','49','1999-07-17 05:58:08'),
('50','50','1993-06-14 12:30:31'),
('51','51','1975-03-19 19:02:44'),
('52','52','1987-10-15 08:34:03'),
('53','53','2016-09-03 14:35:40'),
('54','54','2006-02-10 02:47:29'),
('55','55','1977-12-31 09:07:21'),
('56','56','1987-02-23 22:30:03'),
('57','57','1976-05-02 00:18:03'),
('58','58','1986-02-27 04:20:37'),
('59','59','2004-06-26 20:56:58'),
('60','60','2000-10-10 13:34:28'),
('61','61','2016-07-10 21:54:21'),
('62','62','2007-01-21 14:58:55'),
('63','63','1998-09-11 23:06:08'),
('64','64','1982-04-17 06:46:16'),
('65','65','1971-10-26 18:08:56'),
('66','66','2005-04-07 20:34:12'),
('67','67','1979-05-07 07:27:01'),
('68','68','1997-08-25 02:23:15'),
('69','69','1984-11-17 01:06:36'),
('70','70','2005-11-29 02:26:02'),
('71','71','1972-03-16 02:54:17'),
('72','72','1976-06-05 12:23:35'),
('73','73','1989-02-08 16:36:50'),
('74','74','1999-12-24 16:40:10'),
('75','75','1988-06-11 13:16:49'),
('76','76','2019-04-27 10:16:20'),
('77','77','2006-03-08 18:21:52'),
('78','78','1981-09-03 12:36:09'),
('79','79','1981-05-20 23:37:32'),
('80','80','1985-04-02 04:16:11'),
('81','81','1981-06-15 04:54:56'),
('82','82','1994-12-09 12:29:13'),
('83','83','1982-04-21 15:51:52'),
('84','84','2009-03-22 15:58:23'),
('85','85','2020-01-14 05:38:25'),
('86','86','1993-02-10 04:53:26'),
('87','87','2014-11-19 06:50:47'),
('88','88','2013-11-27 07:46:57'),
('89','89','2013-03-29 00:46:30'),
('90','90','2001-04-13 12:23:42'),
('91','91','2013-10-14 22:45:12'),
('92','92','1981-05-04 17:53:31'),
('93','93','2005-04-12 20:25:11'),
('94','94','1994-05-16 07:04:51'),
('95','95','2009-10-27 15:27:51'),
('96','96','1982-08-29 14:25:51'),
('97','97','2015-01-16 23:13:14'),
('98','98','1981-03-21 06:27:19'),
('99','99','2005-01-08 14:31:26'),
('100','100','1974-02-02 05:39:35'); 


DROP TABLE IF EXISTS `massages`;
CREATE TABLE `massages` (
  `id` bigint(20) unsigned NOT NULL AUTO_INCREMENT,
  `from_user_id` bigint(20) unsigned NOT NULL,
  `to_user_id` bigint(20) unsigned NOT NULL,
  `body` text COLLATE utf8_unicode_ci DEFAULT NULL,
  `is_read` tinyint(1) DEFAULT NULL,
  `created_at` datetime DEFAULT current_timestamp(),
  PRIMARY KEY (`id`),
  UNIQUE KEY `id` (`id`),
  KEY `from_user_id` (`from_user_id`),
  KEY `to_user_id` (`to_user_id`),
  CONSTRAINT `massages_ibfk_1` FOREIGN KEY (`from_user_id`) REFERENCES `profiles` (`user_id`),
  CONSTRAINT `massages_ibfk_2` FOREIGN KEY (`to_user_id`) REFERENCES `profiles` (`user_id`)
) ENGINE=InnoDB AUTO_INCREMENT=101 DEFAULT CHARSET=utf8 COLLATE=utf8_unicode_ci;

INSERT INTO `massages` VALUES ('1','1','1','Ipsam incidunt deserunt error et voluptatibus cumque dolorem. Incidunt aut tempora temporibus maiores dolores est et. Aut aut maiores culpa.','1','1990-02-17 10:01:40'),
('2','2','2','Tempore fugit qui magnam vero quia tenetur aut. Et voluptas reprehenderit aut magni ut. Recusandae repellendus nesciunt numquam. Enim esse similique necessitatibus omnis ducimus. Facere impedit excepturi similique natus dolores quasi corrupti.','0','2003-12-23 00:25:54'),
('3','3','3','Ut maiores labore vel architecto. Voluptatem quisquam dolore sunt ratione beatae aut voluptatum necessitatibus. Excepturi voluptatem totam veniam alias. Illo laboriosam nostrum aspernatur nam ducimus dicta.','1','1991-05-13 21:59:58'),
('4','4','4','Dolores incidunt ut in id sed. Amet nostrum temporibus minus provident quam nihil labore. Unde est quasi vel autem non. Quia totam est aliquam dicta.','1','1984-09-29 15:33:31'),
('5','5','5','Ut possimus est quia magnam. Totam quia iusto aut repellat illo saepe. Nihil et aperiam placeat labore sit excepturi.','0','1992-07-04 00:11:17'),
('6','6','6','Ratione sed quisquam enim aut adipisci repellat. Eveniet non rerum nam voluptas. In sed consequatur non qui. Pariatur quis quos vel quisquam voluptatum deserunt. Autem eligendi aut repellat est id adipisci.','0','2018-11-04 23:05:05'),
('7','7','7','Et eum dicta explicabo est et. Praesentium eos voluptates corrupti vitae rerum enim totam. Accusantium aliquid nisi ipsam consequatur omnis quas excepturi. Optio vero omnis molestiae corporis ut rerum sed.','1','1987-08-29 21:06:29'),
('8','8','8','Quia illum itaque neque nesciunt ipsum. Quas non vero nihil cum vel inventore sint aliquid. Soluta aspernatur sequi maiores quas dignissimos. Pariatur nihil at velit ut atque quidem.','1','2010-07-14 15:20:34'),
('9','9','9','Sed unde voluptates qui laborum ea sapiente cum accusamus. Dolores est et sed nisi quia quis aut. Nobis culpa et voluptatibus itaque omnis animi. Facere voluptatem debitis maiores ut eos occaecati. Vero sapiente qui nobis placeat.','1','1998-10-17 15:10:57'),
('10','10','10','Adipisci asperiores soluta voluptatibus perferendis. Eum sint itaque eaque voluptas autem dolorem sed aut. Illo sapiente nobis repellat libero ut aut occaecati.','0','2000-12-19 17:32:17'),
('11','11','11','Temporibus est quae sint magnam labore sint sapiente. Molestiae eligendi voluptatibus rem qui laudantium impedit. Non aut distinctio quod possimus earum atque. Delectus qui veniam et atque eos distinctio ut.','1','2002-01-06 11:48:20'),
('12','12','12','Et autem magni recusandae adipisci sed magnam. Ut non animi et placeat in autem aspernatur nesciunt. Fugiat nesciunt qui est modi voluptatem quia. Nisi fuga reiciendis rem iure ipsam exercitationem quia. Assumenda libero commodi sit quod et fugit.','0','2013-01-31 03:40:32'),
('13','13','13','Consequuntur cum suscipit sequi non iste in vero. Et assumenda cupiditate pariatur quia corporis minus neque ea. Ut veritatis modi libero perspiciatis rerum rerum.','1','1992-12-18 21:15:28'),
('14','14','14','Iste aliquid rerum neque. Rem sunt sit labore et placeat officia cupiditate pariatur. Eos omnis veniam at suscipit non. Velit soluta totam harum alias.','0','1977-04-29 11:29:59'),
('15','15','15','Provident aut ex molestias amet enim sunt. Rerum quibusdam dolore qui a. Culpa eligendi et voluptatem. Odio sunt repellendus voluptatum veritatis sed.','1','1974-09-21 23:10:20'),
('16','16','16','Aspernatur modi aut voluptatem nesciunt cum delectus odio. Quae quae eaque reprehenderit ipsam. Autem non dignissimos maiores eveniet qui accusantium minus. Sit ex dicta unde est vel adipisci.','0','1970-11-06 07:54:59'),
('17','17','17','Ex error voluptatem occaecati. Qui doloribus sed ut sit. Id sint accusamus voluptatibus vel molestiae. Aperiam ipsa dolor ullam natus at similique quam.','0','1970-06-04 06:27:12'),
('18','18','18','Dolorum ratione a commodi delectus nisi dolores. Quidem sunt voluptatem amet. Possimus neque possimus quae esse maxime fuga sed.','1','1992-07-29 05:09:08'),
('19','19','19','Fuga eius eum itaque sed debitis. Sunt voluptas quia voluptas culpa nostrum repellat. Omnis quod qui sed. Blanditiis numquam et occaecati sit sint ut. Soluta recusandae dolor non quia commodi deserunt.','0','1993-03-31 23:44:07'),
('20','20','20','Dolores et sint ut saepe quidem autem. Et ut consequatur asperiores eaque. Voluptatem et impedit est et vel vel sit. Et cupiditate veritatis ut assumenda sit.','1','1971-06-13 04:21:51'),
('21','21','21','Quaerat autem et error illum suscipit. Culpa perferendis dolore tempora necessitatibus eius cupiditate. Atque tenetur ad et tenetur natus. Aut tenetur voluptatum quo veniam eum.','0','1981-07-24 09:34:10'),
('22','22','22','Nesciunt natus at animi. Laborum consectetur beatae quasi nihil sunt dolores suscipit. Est magnam omnis exercitationem aut dolore. Aut et repudiandae excepturi doloremque eaque in rerum.','0','1977-09-11 11:50:47'),
('23','23','23','Sed est et eos amet facilis fuga. Reprehenderit non pariatur officia sed et. Recusandae doloremque debitis modi deleniti sit. Animi consequuntur repellat amet rerum.','0','1997-12-12 15:34:44'),
('24','24','24','Et possimus veniam deleniti quibusdam. Reiciendis voluptas pariatur natus aliquid ab eum. Numquam aliquam sint nulla facere necessitatibus sit omnis. Officia sit accusamus sunt doloremque iure dolores ex.','0','2000-11-17 10:21:43'),
('25','25','25','Molestias neque et perferendis expedita architecto fugiat minus. Omnis numquam rerum sit non ipsam reprehenderit dolor. Eius molestiae et nam commodi autem corrupti. Vitae quia amet quaerat magnam. Pariatur cupiditate sunt et ut impedit omnis eos.','1','2012-08-06 04:20:18'),
('26','26','26','Earum laudantium dolores et fuga aut quos. Vel molestias nemo id amet modi deserunt. Minus ea repellat ut.','0','1999-06-08 22:13:23'),
('27','27','27','Et est nesciunt aliquam possimus optio eos aliquam. Illum delectus nam possimus. In eveniet sit earum aliquid quia voluptatum est. Ut voluptatem itaque reprehenderit officia sint.','1','1984-05-10 01:55:24'),
('28','28','28','Qui sit repellendus ea ut accusamus error voluptatem deserunt. Vitae doloremque tempora dolorem quaerat dignissimos. Laboriosam consequatur voluptatem tempore impedit ab quidem corporis voluptatem.','1','1985-05-04 21:39:02'),
('29','29','29','Quae occaecati impedit deserunt aperiam debitis perspiciatis. Maiores quia repudiandae nemo animi. Voluptates eum repellendus mollitia dolores voluptas minima molestiae.','1','2010-12-14 23:32:22'),
('30','30','30','Iste et exercitationem ea dolorem. Alias iste totam fuga nihil earum. Minus voluptatibus voluptatibus dolorem consectetur porro ullam minima. Molestias odit rerum incidunt ut ab qui quasi reiciendis. Labore exercitationem numquam alias quaerat a.','0','1998-03-26 07:21:33'),
('31','31','31','Voluptatibus et soluta ut libero itaque rerum. Voluptas id ut alias consequatur et sequi. Ut totam fugit eos eum.','1','1980-06-25 23:04:42'),
('32','32','32','Dolores odio libero illum quia commodi ut eligendi. At eum deleniti voluptate hic aperiam. Non et ut iste.','1','2013-10-17 20:09:48'),
('33','33','33','Id esse deserunt vel hic est. Pariatur consequatur deleniti vitae qui consequatur.','1','1989-11-16 07:11:21'),
('34','34','34','Iure ad corporis quae. Aut commodi tempore necessitatibus voluptatem. Non similique beatae a odit.','1','2004-04-02 20:51:44'),
('35','35','35','Non quisquam odio sit soluta quidem. Fugit neque est expedita tenetur et. Quia voluptas ipsam inventore excepturi ducimus eos quae.','0','2017-12-18 09:15:45'),
('36','36','36','Quidem laudantium et dolore sint. Excepturi ipsum voluptate corrupti quia. Minus explicabo voluptatibus voluptatum accusantium eos. Consectetur accusantium nihil earum et dicta.','0','2002-07-27 12:20:46'),
('37','37','37','Vel enim consequatur beatae dolorem commodi expedita. Est quibusdam alias est aut sed. Consequatur non commodi mollitia ut earum aliquid quam repellat. Illo consequatur et eos dicta nulla quam quaerat nostrum.','1','1999-03-14 17:50:12'),
('38','38','38','Magnam ipsa quidem enim eos. Ut placeat ullam excepturi laudantium debitis voluptatem. Impedit et rerum ducimus exercitationem excepturi ratione. Perspiciatis quis et ab.','1','1985-04-26 20:50:17'),
('39','39','39','Et nisi quia cum aut quidem aliquam. Repellendus et velit qui vel. Aut rem voluptatum autem similique ex ad est. Qui qui cumque vitae enim dolor.','1','2020-05-12 12:59:17'),
('40','40','40','Ut consectetur magni ut aut qui sit nulla. Et consequuntur aliquid impedit aspernatur ut. Dolor et voluptate doloribus enim rerum commodi. Eos qui quidem incidunt error saepe possimus incidunt consequatur.','1','2002-09-21 01:44:10'),
('41','41','41','Cum et deserunt id hic. Qui maxime vitae atque impedit. Ut exercitationem explicabo numquam explicabo.','0','2016-02-17 17:14:53'),
('42','42','42','Repellendus quo rerum architecto ut excepturi praesentium rem. Optio aut quas quia ut aut omnis. Omnis et autem aut ut iste quis. Neque necessitatibus ratione hic minus.','1','2009-01-16 03:28:51'),
('43','43','43','Nemo fuga eligendi occaecati perspiciatis delectus qui. Qui a neque deleniti nisi adipisci fugiat.','0','1979-07-18 05:55:34'),
('44','44','44','Perspiciatis ut fugiat voluptatem veniam. Quisquam cumque vel vel dolor excepturi aut est quos. Explicabo dolorum dolores placeat explicabo odio.','1','1973-01-04 11:13:57'),
('45','45','45','Qui pariatur quidem repellendus natus sequi. Aut qui vero qui voluptatum ducimus. Nostrum ea ut incidunt iste ipsa. Harum sunt est qui dolor. Officia reiciendis harum occaecati nesciunt iure temporibus ut velit.','1','1976-04-30 05:39:10'),
('46','46','46','Quam quae et vel assumenda delectus. Et ut sint qui molestias vero. Architecto repudiandae possimus qui et sunt magni voluptatem. Ipsum necessitatibus voluptatem saepe sit vero et maxime.','1','2007-10-05 02:47:33'),
('47','47','47','Distinctio laboriosam sunt consectetur. Nihil odit eos accusantium qui aut et eius. Ipsa aut et maxime fugit repellat consequatur provident.','1','2001-11-09 09:12:47'),
('48','48','48','Fugit nihil sapiente in architecto dolor. Dolores sapiente doloribus id rerum. Quisquam consequatur corporis et blanditiis. Et et quo sapiente nemo incidunt tempora impedit.','0','2007-03-20 22:14:30'),
('49','49','49','Fugit maiores ut asperiores dolorem et. Fugit fugiat hic fugiat. Ratione eligendi error deserunt ut.','1','2014-04-15 08:07:58'),
('50','50','50','Quia repudiandae qui fuga consectetur omnis eveniet. Tempora quisquam sit quos vitae deleniti. Suscipit cumque qui enim facilis.','1','2004-01-25 13:43:30'),
('51','51','51','Consequatur et et impedit odio illo. Qui ut laboriosam numquam hic in fugit sunt et. Et possimus provident sequi unde qui. Rerum fugiat dolorum laborum qui aut possimus.','1','1977-06-06 18:07:02'),
('52','52','52','Et veritatis voluptatum ullam ut repellat. In similique quia aut optio corrupti. Qui modi sapiente ut qui. Et vero voluptatum sed sapiente.','1','2006-02-01 20:09:05'),
('53','53','53','Qui magni consectetur aut quibusdam sint distinctio. Laboriosam ipsa accusantium quia et illo. Possimus beatae nihil omnis. Earum est consequuntur sit enim nesciunt.','1','2008-02-14 01:26:09'),
('54','54','54','Iure nemo modi vitae unde at recusandae omnis sed. Tenetur molestias ratione accusamus repellendus. Sunt enim quia ipsa quaerat. Et eius inventore voluptatem nam ut facilis. Doloribus eius voluptatem a vel eaque vel non.','0','2003-09-13 11:29:40'),
('55','55','55','Nisi similique in et fuga. Ut natus maiores ipsa modi. Maxime voluptas eveniet aliquid ipsa laudantium labore.','1','1999-02-17 13:14:15'),
('56','56','56','Est non alias distinctio minus aspernatur delectus est. Porro veniam qui qui corporis ratione. Excepturi similique illo quisquam et natus.','1','2009-03-19 03:52:22'),
('57','57','57','Quo sapiente nulla sint consequatur. Doloribus eos dolor dolorem voluptas totam. Consequuntur ut corporis et architecto incidunt.','1','1995-03-06 15:56:11'),
('58','58','58','Perspiciatis sequi in quos magnam amet aliquid. Occaecati in provident fuga fugit quod fugiat. Neque autem aut amet consequatur non. Sint velit aspernatur dolores et dolorem corporis et et.','0','1972-04-17 08:34:25'),
('59','59','59','Consectetur tenetur quisquam expedita consequatur nostrum magni sit. Quam id impedit corporis amet quis. Nesciunt eos nihil ut voluptas officia rerum vitae repudiandae. Quaerat maiores quaerat vel eos. Quo dicta occaecati velit.','1','2000-09-25 02:24:54'),
('60','60','60','Sed quae iure commodi distinctio officiis. Aut vel suscipit facere alias et.','0','1989-08-29 21:46:50'),
('61','61','61','Nihil ducimus dignissimos vero voluptate corporis quia vitae magni. Accusamus molestiae non dignissimos earum ut sunt natus. Nihil rerum quo est repudiandae ea eos aperiam voluptatem.','1','2012-09-26 03:07:35'),
('62','62','62','Assumenda deserunt aspernatur neque voluptas esse qui qui. Voluptate laudantium vel reiciendis velit rem delectus voluptatibus. Qui soluta dolorem ut sed voluptatem eum error. A ea rem aliquid ipsum maxime.','1','2020-01-16 09:34:38'),
('63','63','63','Odio quo vel excepturi qui dicta tenetur dolore rerum. Et et est minus unde explicabo et. Consequuntur possimus a dolor debitis.','0','2007-12-16 12:52:48'),
('64','64','64','Distinctio consequatur libero quis omnis ipsam nulla tempore voluptatum. Minus ut voluptatem autem explicabo soluta vitae excepturi. Nostrum molestias facilis consequuntur et at nesciunt aspernatur. Et eum porro maiores et. Beatae aut ut impedit praesentium quae.','1','1983-02-10 17:51:38'),
('65','65','65','Quia optio facilis animi voluptatem asperiores quis et. Et eos debitis iste ab repellat. Maiores id neque voluptas quibusdam tenetur facere nam. Quidem dolor quos incidunt odit.','1','1980-09-28 14:08:57'),
('66','66','66','Sit consequatur ipsa eius a suscipit saepe. Inventore et labore dolores quidem. Neque eos ipsam eius perferendis quasi. Numquam dolorem quos molestiae nihil magnam omnis dolor et.','0','1979-05-02 20:19:07'),
('67','67','67','Rerum et similique quo aut. Eum aut omnis iusto soluta corporis nam beatae. Eos adipisci mollitia et eum animi culpa eum.','0','1988-09-20 06:13:50'),
('68','68','68','Non dolor dolorem est voluptatem cumque. Ut ipsam maxime aperiam est reiciendis animi. Quos reiciendis aliquid omnis expedita. Aut assumenda hic sit cupiditate voluptatem sequi.','1','2006-10-26 15:46:52'),
('69','69','69','Id sed a et ducimus. Excepturi sit doloremque rerum accusamus aperiam neque. Cum reprehenderit animi quia quia. Ad aut provident aspernatur et. Quis fugiat facilis est quo nesciunt eveniet omnis.','0','1988-02-14 19:22:12'),
('70','70','70','Nisi voluptate fugiat et qui odit. Voluptatem quae maxime nihil a et consequuntur. Quia illo ducimus impedit quo nesciunt nihil aspernatur. Hic vel iusto cum officiis.','1','2002-02-16 23:04:53'),
('71','71','71','Provident eaque ut asperiores. Aliquam odit qui a natus. Beatae incidunt laudantium et incidunt sed odit.','0','2011-02-17 21:58:44'),
('72','72','72','Voluptatibus tempore molestias minus consequuntur non. Maiores consequatur saepe provident maiores non illum placeat fugit. Corporis perferendis vero quas quaerat harum velit et. Qui rerum rerum maiores et repellendus aliquid perferendis praesentium.','0','2001-09-19 23:32:49'),
('73','73','73','Aliquid non et voluptatibus. Recusandae eum magnam quae minus voluptas aut ullam dignissimos. Atque quis quo saepe delectus ad. Voluptatum nihil sed corrupti iure placeat possimus id.','1','1970-04-26 20:29:13'),
('74','74','74','Et debitis autem quasi non quo. Sed eos qui explicabo nihil assumenda ducimus. Ut molestias deserunt nobis occaecati. Maiores ratione consequatur molestiae.','1','1989-11-27 23:06:30'),
('75','75','75','Ipsum magni expedita at. Quos reiciendis suscipit eos eum at eum doloremque. Et quisquam nihil tempora porro id eos. Minima vitae unde et aspernatur. Numquam non et voluptas molestiae.','1','2015-02-24 20:06:20'),
('76','76','76','Blanditiis non beatae quidem laboriosam. Corrupti sed delectus quo nobis laborum aperiam modi. Dolore nesciunt quaerat tempore fugiat aut. Molestiae doloremque omnis quibusdam quod vel nulla et. Aut vero quia ut est.','0','2020-02-01 18:21:24'),
('77','77','77','Est totam ducimus exercitationem aliquam. Eligendi ratione molestias sed corrupti nesciunt nostrum. Facere nesciunt animi est expedita.','1','2005-04-08 07:30:25'),
('78','78','78','Eos sunt omnis molestiae occaecati et atque natus. Voluptatum enim eos et libero sit. Dolorem ut rerum totam ea. Nihil quam saepe blanditiis unde minima excepturi reiciendis.','1','2007-08-19 06:22:33'),
('79','79','79','Optio quibusdam et deleniti. Expedita soluta omnis soluta cupiditate dolor in. Consequatur dolorum cupiditate voluptas quam ea quia expedita. Ea corporis vero quos ducimus a quo aut.','1','2012-05-10 22:50:02'),
('80','80','80','Sunt quo dolorem recusandae est quis expedita. Quia veritatis aut quae quos dolorem.','1','1997-10-17 09:55:42'),
('81','81','81','Quia dolore voluptatem velit laudantium est suscipit voluptatem. Soluta voluptatem et sint molestias culpa. Sint eos molestiae dolores voluptatem soluta. Tempore in quisquam rerum suscipit unde maxime.','1','2009-06-02 04:24:26'),
('82','82','82','Distinctio vero culpa distinctio aliquid voluptatem neque ipsum. Vel voluptatibus aliquam rem et eius officiis. Ut dolor non nobis harum atque velit. Ut asperiores vitae delectus tempore doloribus et maiores qui.','0','1986-01-04 12:28:38'),
('83','83','83','Porro earum vel eos molestiae. Adipisci ipsam eos sapiente quod inventore voluptates. Qui sit et autem dolore aliquid ut explicabo qui. Error placeat laboriosam molestiae voluptas illo. Aliquid ex quas in culpa.','0','1997-12-30 07:18:29'),
('84','84','84','Nesciunt iure enim distinctio cupiditate ipsa. Impedit sunt ut culpa et dolor repellat. Veritatis minus quaerat aperiam exercitationem et velit adipisci eius.','0','1995-01-04 05:16:06'),
('85','85','85','Eveniet maiores placeat quia voluptatibus. Quo dolorum quos animi ullam. Nam eveniet voluptatem dolor et labore soluta. Quo ut delectus et.','1','1982-03-26 22:01:55'),
('86','86','86','Rerum in ut quod similique. Quia perspiciatis harum qui architecto consequatur rerum reiciendis. Et eius quod maxime doloribus. Magnam accusamus voluptas iste quia necessitatibus unde.','1','2003-01-01 00:32:37'),
('87','87','87','Iure nemo ipsam unde libero. Quos culpa facere dolorem. Necessitatibus repellat dolores voluptas doloremque architecto rerum. Voluptas sed minima voluptates aut vel architecto reiciendis voluptatibus.','0','1984-03-03 21:51:50'),
('88','88','88','Accusantium amet mollitia itaque nam et quisquam maiores. Optio sint reiciendis error. Quo blanditiis sed et. Temporibus iure iure et quas.','1','1988-06-08 19:21:23'),
('89','89','89','Natus et ut iusto ut aut consequatur ea. Quo aut rerum et. Veritatis exercitationem sequi adipisci saepe.','1','2003-11-15 14:11:59'),
('90','90','90','Est consequatur consequatur illo ut nostrum. Optio aut sunt culpa dignissimos ratione. Eligendi ea accusamus provident tempore illo quisquam.','1','1986-07-14 19:11:13'),
('91','91','91','Dolore et consequatur soluta et. Similique id provident enim deserunt totam repudiandae cum. Voluptas rem voluptas omnis possimus sit.','1','1992-09-15 04:56:52'),
('92','92','92','Voluptate non ab numquam et exercitationem. Qui repellendus quia consequatur est fugiat unde quos. Quas quos sunt quasi. Dolorum tenetur error voluptas velit mollitia laudantium quia.','1','2017-07-09 18:03:02'),
('93','93','93','Ullam consectetur laboriosam dolore libero aut est iure. Quia aut ipsum et. Laborum provident rerum nihil.','0','2015-05-06 00:12:53'),
('94','94','94','Voluptas doloribus nobis ab sunt laudantium est est atque. Id sunt labore et nulla dicta. Animi blanditiis consequuntur ratione tempore non quos et. Alias iure ipsa nesciunt eveniet quam vero ut.','0','1971-01-03 04:43:54'),
('95','95','95','Dolorum perferendis eveniet corporis non dignissimos cumque architecto odit. Id voluptate recusandae possimus. Aliquam iusto labore nisi sint veniam.','0','1998-03-31 04:28:34'),
('96','96','96','Tempore quo consectetur iste earum ratione. Quaerat pariatur iure sequi repellendus eius sit. Ab distinctio est quam commodi minima ut quam.','1','2002-02-18 14:20:53'),
('97','97','97','Est voluptas iusto quis quis omnis placeat. Iure illo numquam ex eaque. Mollitia incidunt animi minima atque. Qui soluta facilis aliquid reiciendis voluptatibus.','1','2018-08-21 06:16:22'),
('98','98','98','Incidunt voluptatem vero omnis eaque similique error. Et quo officiis ratione dolorem iure. Aspernatur earum qui in et cumque.','1','1992-10-23 07:49:28'),
('99','99','99','Iste illum esse fugit laboriosam. Alias minus ullam nostrum placeat reiciendis.','0','2003-10-24 18:56:13'),
('100','100','100','Sapiente et deleniti in quis porro nesciunt quis. Dolorem soluta cumque expedita rerum voluptatem nulla. Voluptas eum aut qui velit eos velit harum voluptatem. Veniam quae non minima modi quasi quia.','1','2012-07-27 13:32:16'); 


DROP TABLE IF EXISTS `music`;
CREATE TABLE `music` (
  `id` bigint(20) unsigned NOT NULL AUTO_INCREMENT,
  `artist_id` bigint(20) unsigned NOT NULL,
  `album_id` bigint(20) unsigned NOT NULL,
  `track_id` bigint(20) unsigned NOT NULL,
  PRIMARY KEY (`id`)
) ENGINE=InnoDB AUTO_INCREMENT=101 DEFAULT CHARSET=utf8 COLLATE=utf8_unicode_ci;

INSERT INTO `music` VALUES ('1','6','9','3'),
('2','6','1','4'),
('3','1','3','3'),
('4','7','0','6'),
('5','3','5','1'),
('6','7','4','5'),
('7','4','3','6'),
('8','9','2','0'),
('9','2','1','8'),
('10','4','4','6'),
('11','1','6','9'),
('12','9','0','2'),
('13','4','6','7'),
('14','8','9','8'),
('15','3','8','7'),
('16','8','2','1'),
('17','2','4','7'),
('18','3','2','1'),
('19','1','7','0'),
('20','3','2','8'),
('21','3','4','6'),
('22','8','9','5'),
('23','7','8','5'),
('24','9','8','5'),
('25','4','7','0'),
('26','5','7','2'),
('27','9','2','8'),
('28','2','4','5'),
('29','5','0','1'),
('30','5','2','5'),
('31','0','7','8'),
('32','2','6','3'),
('33','5','3','5'),
('34','0','5','7'),
('35','3','9','2'),
('36','6','7','5'),
('37','5','0','0'),
('38','2','2','9'),
('39','5','5','6'),
('40','8','3','4'),
('41','5','3','7'),
('42','1','4','7'),
('43','1','8','4'),
('44','7','0','4'),
('45','2','8','7'),
('46','6','2','6'),
('47','0','3','4'),
('48','3','1','7'),
('49','0','1','8'),
('50','1','8','9'),
('51','9','0','5'),
('52','9','5','1'),
('53','3','1','4'),
('54','9','7','3'),
('55','3','7','5'),
('56','3','2','9'),
('57','3','1','1'),
('58','6','3','5'),
('59','4','5','6'),
('60','7','6','2'),
('61','9','0','9'),
('62','3','5','4'),
('63','1','3','6'),
('64','4','5','8'),
('65','9','7','9'),
('66','4','4','1'),
('67','3','9','3'),
('68','2','2','0'),
('69','5','1','3'),
('70','8','6','9'),
('71','6','8','0'),
('72','4','9','7'),
('73','2','9','0'),
('74','0','6','9'),
('75','1','3','5'),
('76','0','4','8'),
('77','4','5','8'),
('78','5','7','2'),
('79','6','8','7'),
('80','8','9','9'),
('81','6','5','6'),
('82','6','5','3'),
('83','6','4','7'),
('84','8','8','6'),
('85','8','2','4'),
('86','5','5','7'),
('87','9','2','0'),
('88','6','1','7'),
('89','4','2','6'),
('90','3','2','1'),
('91','0','1','5'),
('92','2','3','9'),
('93','2','1','8'),
('94','2','2','8'),
('95','4','2','7'),
('96','9','1','1'),
('97','3','1','3'),
('98','9','0','2'),
('99','0','2','5'),
('100','6','6','9'); 


DROP TABLE IF EXISTS `photos`;
CREATE TABLE `photos` (
  `id` bigint(20) unsigned NOT NULL AUTO_INCREMENT,
  `file` varchar(255) COLLATE utf8_unicode_ci DEFAULT NULL,
  `user_id` bigint(20) unsigned NOT NULL,
  `description` text COLLATE utf8_unicode_ci DEFAULT NULL,
  `created_at` datetime DEFAULT current_timestamp(),
  `updated_at` datetime DEFAULT current_timestamp() ON UPDATE current_timestamp(),
  PRIMARY KEY (`id`),
  KEY `user_id` (`user_id`),
  CONSTRAINT `photos_ibfk_1` FOREIGN KEY (`user_id`) REFERENCES `profiles` (`user_id`)
) ENGINE=InnoDB AUTO_INCREMENT=101 DEFAULT CHARSET=utf8 COLLATE=utf8_unicode_ci;

INSERT INTO `photos` VALUES ('1','tmp/0dc847ed7ed87c533ad56cd210f9dd0a.jpg','1','Eum amet delectus iste. Voluptatem corporis sit dolores repellat quia tempora consequatur explicabo. Et tempora possimus autem laboriosam. Id voluptatum autem ut totam inventore.','1997-02-13 21:13:12','1992-02-04 04:28:18'),
('2','tmp/250d4fb6e4a39c18c154cecffb764d09.jpg','2','Laborum est fugiat doloribus maiores qui quas voluptatem. Voluptatum dolorem iste consequatur quia enim quam. Temporibus consequatur ut perspiciatis dolore aut.','1986-07-21 22:22:50','1996-04-09 03:16:26'),
('3','tmp/1ba3b4c53efb1781a130af695c80fd54.jpg','3','Quaerat debitis incidunt ad aspernatur molestiae fuga numquam. Est doloremque id enim blanditiis reprehenderit sunt quos eos. Ut est repellendus eaque ullam.','1991-07-17 00:07:17','1978-10-28 03:41:50'),
('4','tmp/9dc1dfc66a22e743df3af4358e9a60b4.jpg','4','Distinctio omnis natus esse eligendi ipsa. Rem eligendi assumenda nostrum atque inventore. In ut distinctio sit error sint.','2012-02-01 13:36:20','1989-07-02 23:25:41'),
('5','tmp/bbfc4dc7d1f238e8474510e09e60ae0a.jpg','5','Ea reiciendis non veritatis repellendus hic. Quia quia quo ab doloribus ullam nam ipsa. Aspernatur est id quia ut rem natus ipsum asperiores. Qui quidem ipsum at.','2006-06-01 08:54:51','2012-03-08 16:06:06'),
('6','tmp/9d7e80a7cbb29fe22d4ba0bc3dd061f0.jpg','6','Consequuntur voluptatem nulla ipsa dolor sed vel accusamus. Est et non nam hic. Odio voluptate autem aperiam beatae occaecati.','1994-07-28 14:22:53','1996-08-13 22:42:37'),
('7','tmp/9402aa2b1b9deb1c307411001c2848f9.jpg','7','Eaque odio quia asperiores iure suscipit alias. Est non aliquid fugit perferendis aut. Eveniet qui consectetur veniam omnis molestiae.','1997-07-25 09:21:23','1974-05-13 04:56:31'),
('8','tmp/cbaacb29a248cc1d04f8968b3a842b56.jpg','8','Ut officia sunt est culpa mollitia. Quo sit quos aut voluptatum. Neque magnam omnis consequatur earum molestiae officiis omnis.','1997-06-27 07:45:16','1998-01-07 07:57:46'),
('9','tmp/40cc5a6d0d6c3d3e72d27056d20cdbc3.jpg','9','Perspiciatis molestiae qui in consequatur id. Illum corrupti quas voluptas et.','1994-06-09 04:16:35','1995-11-22 02:29:33'),
('10','tmp/ff343fba6ff75076471d7efb9c7c6c07.jpg','10','Qui eum nam id. Sunt quia consectetur accusantium. Voluptatem ipsa veritatis non.','1993-11-10 12:31:17','1993-03-12 09:04:59'),
('11','tmp/6bf54579b25a3ed8de3592f3bb5a2d04.jpg','11','Et aperiam excepturi ut dolores quidem. Aut nisi expedita quidem culpa consectetur. Id ea nostrum consectetur similique est impedit. Possimus temporibus ipsam ipsum exercitationem adipisci.','1984-09-13 11:35:08','1982-05-12 02:56:11'),
('12','tmp/5f2158701ad2ca7924df536d08dc7123.jpg','12','Tempora dolor facere aut est necessitatibus repudiandae libero. Provident molestiae aut dolores eaque est voluptas necessitatibus. Quo non quae accusamus. Nobis eaque et incidunt modi.','2008-04-14 21:29:36','2020-05-22 11:31:59'),
('13','tmp/efd16045c74bc655e50ef050f89ab72b.jpg','13','Suscipit est officia est est sapiente voluptatum. Dignissimos suscipit dignissimos dignissimos.','2013-08-15 18:03:14','1974-05-07 12:59:54'),
('14','tmp/ae4b4bdfabe74e1d490f7bff802b1312.jpg','14','Molestiae nihil quas doloribus libero est vel eveniet voluptatum. Architecto esse vero sed nulla est esse.','1981-11-19 20:28:47','2017-03-08 03:17:29'),
('15','tmp/8f9ca198efb6ae14a3e1f7f298637885.jpg','15','Fugit ut dolor sint et deleniti dolorem. Quod quasi quasi pariatur corrupti at itaque eum. Perspiciatis molestias ad cupiditate a non.','1990-04-24 03:38:49','1992-07-15 23:37:43'),
('16','tmp/441da6e3654837300a317ea9600039a6.jpg','16','Dolores aut aut tempore rerum eum sed et. Nostrum et aspernatur quisquam doloremque odit labore sit. Nam sit veritatis deserunt non. Deserunt perspiciatis nihil id.','2018-07-04 23:47:46','1982-11-10 05:07:10'),
('17','tmp/3c5f1040214c4813d41cf78909609701.jpg','17','Accusantium animi quibusdam fugit eum. Minima libero sed eos doloribus vel. Vel pariatur enim minus et voluptas nesciunt dolorem. Amet voluptas autem vel rerum sunt molestias vitae.','2020-05-09 14:14:40','2016-01-03 07:56:31'),
('18','tmp/47413a1c8017648ba25d141a6d5cd334.jpg','18','Blanditiis quaerat velit voluptate animi quam ut omnis. Nam odio nulla maiores saepe et. Nesciunt optio ducimus non qui deserunt adipisci illo.','2001-02-04 04:08:08','2016-11-06 22:21:37'),
('19','tmp/c5bc185f747ff782dc22a9254e49eb96.jpg','19','Ab qui quas autem vel. Aspernatur quod et atque dolorem est. Officiis quia assumenda earum fugit eligendi consectetur.','1990-11-25 10:56:25','2005-10-28 15:31:55'),
('20','tmp/195c1a5d9dd22f89129fd7fc222c141b.jpg','20','Voluptatem autem et eum molestiae ab eveniet harum. Reprehenderit officiis qui temporibus deserunt. Qui explicabo ipsam et sequi provident cupiditate. Neque omnis dolores voluptatum voluptatum.','2003-08-13 03:41:57','1996-02-22 17:06:53'),
('21','tmp/4a132f22f1693759f5ec21b33affc24d.jpg','21','Sit autem voluptas a sint illo blanditiis molestiae. Dolores sunt molestiae id est. Quisquam id eum tempore voluptas.','2019-03-17 10:40:22','1996-12-01 22:24:38'),
('22','tmp/13f9056b9e256d2931566d0957d29300.jpg','22','Saepe rem aperiam veniam atque non. Occaecati qui omnis dolor non sunt et. Sapiente ut tenetur veniam nisi est eligendi dolor quam.','1993-11-30 09:18:17','1988-07-20 16:49:23'),
('23','tmp/fcc9e07cf74013d64a48f8372dc4f568.jpg','23','Et ea tempora aut sit velit harum. Consequuntur cumque quia mollitia voluptatum. Et sit cum nihil. Optio nulla blanditiis labore.','2016-08-21 13:34:41','2013-08-03 17:59:59'),
('24','tmp/c25a32c3b4e3273454cd44ebf9e2435f.jpg','24','Quia a velit voluptate in illum. Placeat autem in consequatur ipsam. Ab consequuntur ab velit eligendi. Libero sed aliquid voluptas eos id veniam.','2007-12-22 15:06:31','2008-11-10 15:26:28'),
('25','tmp/efdb0cb7e38f7b3a270610292d7d8b1f.jpg','25','Quo quas voluptas expedita incidunt similique sit enim. Cum rerum provident doloribus eos aliquid cupiditate. Voluptatem in quia aut voluptatem commodi vel ea.','1983-04-22 05:36:58','2004-11-19 04:22:39'),
('26','tmp/a6aae82ef16387b584396db04c651808.jpg','26','Nostrum et ut sit eum rerum. Quis placeat harum numquam debitis suscipit. Quibusdam consequatur et quod soluta est. Ea aut officiis aliquam rem assumenda. Totam et dignissimos molestiae ea distinctio iusto.','2012-05-27 05:07:39','1997-10-17 11:50:20'),
('27','tmp/0994df50411e537447bff4c1ccadb44e.jpg','27','Deleniti ex eos sed qui. Qui quam aliquid nulla dolore omnis. Ea quasi et perspiciatis omnis facilis magnam non error.','2001-10-17 04:27:47','1990-11-11 11:26:28'),
('28','tmp/be2fd07dce2d9fa7accb7fbfde934ea0.jpg','28','Rem id cum voluptatem quidem. Tempore rerum dolor corrupti ut quibusdam cupiditate. Aut et veritatis omnis molestiae atque.','1970-08-16 10:08:43','2004-11-12 17:07:48'),
('29','tmp/cfdf88b47b811e578a939772d8806800.jpg','29','Rem dolorem ad id. Dolores vel deleniti ex voluptatem est.','1995-04-11 10:18:00','2017-06-17 13:02:59'),
('30','tmp/069205f62b29472672382682080c81bc.jpg','30','Autem doloremque occaecati laborum quae. Perferendis est dolorem est suscipit. Neque vero modi et corporis ex.','1984-05-14 04:29:48','2007-06-06 15:40:38'),
('31','tmp/3435b944f15e6b09876d7bd5171cf53f.jpg','31','Eum quisquam ut est incidunt aliquam sed placeat. Voluptatem harum voluptatem debitis ut dolorem. Ut quisquam error sunt ullam.','1978-04-04 20:33:24','1984-11-01 22:10:51'),
('32','tmp/5b0deadc5df57f755a4bb4ad91e6b591.jpg','32','Asperiores soluta qui voluptatem hic vitae id. Voluptas sit eos quidem cupiditate eum qui sit. Non qui totam tenetur qui.','2014-08-11 19:26:33','1976-10-07 10:08:35'),
('33','tmp/8554b3601f4e4a58068a5d0eee9738fd.jpg','33','Sit et nam consectetur iste minima animi. Quidem dolorem aut minus qui voluptatem sunt labore. Dolor magni illo eos non facere quia.','2002-06-03 07:03:15','2005-09-22 19:28:20'),
('34','tmp/384715f9e1679956a9b26e4c875bc3de.jpg','34','Et magni aut qui molestiae amet. Qui veniam aut id aut sint vel ut. Ipsa dolore repudiandae ut.','2004-04-14 20:56:55','1978-07-16 19:13:50'),
('35','tmp/a08f4c8e07a7b4464b162d7ba6c78856.jpg','35','Commodi omnis nostrum aut pariatur est dignissimos. Quod debitis excepturi quibusdam fugit quod consequatur. Aut aut consequuntur voluptate quidem quis error inventore et. Nam quod maiores ut et rerum rem.','2006-08-15 13:14:18','1971-04-26 01:25:16'),
('36','tmp/aa769dd366f4b25dda68e0056f96fedf.jpg','36','Doloremque magnam recusandae quisquam suscipit fugiat. Animi corporis qui eum est voluptates vel. Possimus odio quae deleniti nostrum enim quae ut.','2004-08-08 15:07:12','2019-05-12 06:58:10'),
('37','tmp/5320c4f960f7bbbecc8bb7de44d819de.jpg','37','Aliquam dolore aut quibusdam et perferendis aut. Autem inventore pariatur aperiam veritatis. Quaerat aut non dolor dolorem expedita occaecati.','2015-09-22 17:06:46','2018-10-09 18:44:37'),
('38','tmp/7ff34963a2e96a36845313d28445873f.jpg','38','Et fugit veniam nihil tempora dolore porro. Sequi vero ad id animi id quidem facere. Earum id sit illo quibusdam provident dolorem. Eum omnis ipsam ut fugit ut optio voluptatem. Atque temporibus quibusdam ut eum quo.','2002-01-31 07:37:37','1994-06-17 10:21:33'),
('39','tmp/16d868369fa36f9cfdbb8ac3dc57c9a9.jpg','39','Laborum ea quidem architecto quo ea. Quam rerum sint sunt amet architecto reiciendis sed. Dolorem quod sed suscipit et.','1971-07-24 13:23:36','2003-08-18 07:13:44'),
('40','tmp/dc412767ec32a1c907f4a320b162534d.jpg','40','Facilis suscipit numquam voluptatem sunt sit reiciendis aut. Corrupti omnis nulla corporis dolor illum et at voluptatem. Blanditiis quia sed id et. Qui quia laudantium nobis alias adipisci sed provident. Placeat sit cumque occaecati ipsa.','2003-10-25 05:49:16','2000-12-29 11:46:17'),
('41','tmp/a5eadaedc8238c04f6a669eb79cbe7a0.jpg','41','Maiores enim ut voluptatem aut. Dolorem sequi minus omnis non porro. Odio iste nostrum doloribus accusamus. Omnis rerum eum mollitia.','1992-02-26 09:25:20','1993-05-25 21:46:41'),
('42','tmp/b692fe173a37aa0304c2c0fcfb6375d7.jpg','42','Quasi consequuntur ut vel nihil deleniti et itaque. Earum et iure illum dolorem velit et totam. Laudantium provident qui dignissimos itaque.','2017-08-05 19:55:27','1992-08-26 11:08:25'),
('43','tmp/2b22b6e4650baa0a886d3ab460bdd688.jpg','43','Dolorum sit est modi dolorem. Voluptatem illo sit sapiente. Qui aperiam qui est consectetur dolorem. Aut dolor est error id.','2010-02-10 23:22:48','1992-12-14 08:02:09'),
('44','tmp/2d5de61bf8ccb8389215b9de3bf61aaf.jpg','44','Corrupti cum veritatis cumque omnis ut consequatur omnis. Ut sunt temporibus eum repellat harum. Aliquam aut dolor rerum. Et tempora dolorem dolores voluptas.','1970-04-13 04:40:44','1981-02-09 05:53:52'),
('45','tmp/fe9ccea590a7a651928467e6d4cfd219.jpg','45','Explicabo facilis nihil repellendus voluptatem qui rerum illum. Animi corrupti consequuntur quis fuga ullam dolor minima necessitatibus. Distinctio commodi iusto non eum ea dolores neque aut.','2005-06-14 03:22:49','1983-06-04 18:34:47'),
('46','tmp/c4a2702c33f332b2dc0acb0f11e31734.jpg','46','Incidunt perferendis magnam consequatur qui adipisci voluptas recusandae. Quidem eos voluptatem et. Ut perferendis officiis dolor minima velit ratione. Est aut non nesciunt id voluptatem eveniet mollitia. Eveniet quia ducimus nemo.','1989-07-24 16:53:32','2011-03-06 12:37:32'),
('47','tmp/bc498844c6f2d2c86055c29b206fe328.jpg','47','Non similique quis qui id adipisci perferendis. Voluptatum explicabo ut consequatur autem incidunt dolores cupiditate beatae. Magnam vitae quae ad aliquid amet vel dolor.','2011-05-21 11:07:18','2017-07-15 07:45:24'),
('48','tmp/64e567456cab56bb943e0c35611e68f0.jpg','48','Quia id voluptatem sint voluptatem id saepe. Quis blanditiis dolorum excepturi reprehenderit. Deserunt sit soluta quo dicta non. Sit praesentium excepturi ullam error aspernatur.','1990-01-27 12:43:14','1972-07-02 09:58:18'),
('49','tmp/b7c9fd173b970dfacc5bdf96a6d18221.jpg','49','Quaerat occaecati et et sint aut ut quam. Reiciendis quod numquam ducimus minima facere harum. Saepe aut iste quo qui sed iste.','2004-07-11 16:39:25','2019-09-19 15:47:41'),
('50','tmp/8ea794f8c793ee4dbcc8de2c154ccec6.jpg','50','Rerum repellendus rerum impedit aut. Quia id quaerat ut et occaecati. Laboriosam officia tempora fugit consectetur laboriosam. Non repellendus rerum earum et minima.','1978-04-01 11:09:44','2012-08-26 18:45:11'),
('51','tmp/e292424c0b1660c243ac447eb57d07b8.jpg','51','Et vel ut et necessitatibus est. Doloribus voluptates consequatur est ab nesciunt. Voluptatibus non enim itaque omnis error quos. In tempore nam et sit quia harum sint.','1979-11-13 03:37:36','1983-05-31 10:29:19'),
('52','tmp/540e399ab37dbf5fd94ce089ec9f96f7.jpg','52','Ab numquam facilis enim beatae praesentium. Quia quod magni aliquam enim ipsam dolorem. Voluptatibus consequatur voluptates inventore qui. Vel et ipsa magnam.','2016-10-15 16:43:22','1985-03-26 19:06:52'),
('53','tmp/e206bcd65c8836909fe438ee48cb8c10.jpg','53','Quia reiciendis expedita laborum ducimus. Architecto similique porro et sequi.','1996-06-30 19:44:33','1991-02-20 01:20:53'),
('54','tmp/c183d1432d2eb203d21ab00aca2d8a49.jpg','54','Nihil dolorem molestiae et eaque qui asperiores tempore. Consectetur vel at est.','1987-04-18 02:12:23','1976-06-08 10:29:05'),
('55','tmp/278e9633dbfd76a3612acee13704a748.jpg','55','Accusamus itaque consequatur excepturi quos sapiente mollitia magnam. Enim recusandae eos et quod consequatur necessitatibus. Quia nobis placeat id officiis praesentium. Recusandae laborum facilis sunt.','1975-08-27 01:42:20','2013-10-31 01:07:01'),
('56','tmp/5c10c2f18f330604adbde8f885801fba.jpg','56','Dolores esse laborum aliquam facere sint. Aliquam et laborum minus et nulla dolor.','2001-01-22 00:13:48','1970-01-22 20:46:08'),
('57','tmp/3480be6b5517185940a41f40742a668b.jpg','57','Officiis voluptate architecto sed maxime sed alias quia. Et est qui sed qui sed. Fugit et exercitationem et culpa sit. Animi tempora est aspernatur nam tenetur eius.','1981-04-09 01:20:08','1992-07-20 00:11:58'),
('58','tmp/94c5aa3b52b4442a26221b6aeb836ad4.jpg','58','Rem voluptas ratione voluptatem natus alias. Enim veniam consequatur eius sunt perspiciatis.','2002-12-18 01:43:03','1989-12-05 17:08:59'),
('59','tmp/497b583d2f9fa569532aed044d1c6403.jpg','59','Doloremque eum inventore veritatis commodi. Illo ut veniam et accusantium et dolore sed. Et et et minima.','1993-10-15 01:42:05','1976-05-15 14:24:00'),
('60','tmp/4dc46b2bc77c56ddda736b37b8f5526e.jpg','60','Quae quod sequi autem aperiam quo ut. Possimus adipisci nulla consequatur quia eveniet voluptates.','1988-08-13 15:12:45','2014-01-18 11:56:05'),
('61','tmp/62fbc3675cd4d76953c4fa604bf98c5a.jpg','61','Qui sit quam ratione. Doloremque sapiente autem in ea veritatis omnis impedit. Voluptatem sed tenetur dolorem nostrum. Ea accusamus dolor ipsam quo.','1990-11-09 21:02:03','1991-04-21 01:44:10'),
('62','tmp/c68381a6bd1d4ae42ee5a39016ca917c.jpg','62','Quia distinctio voluptas dolorem soluta nostrum ut voluptas. Nobis dolorem ullam sit quam molestiae dolor. Est dolorem rerum quas voluptatem. Et veritatis doloribus aut sit facere qui.','1999-12-23 23:06:31','1981-01-20 17:18:59'),
('63','tmp/c4bb57528a8fa6f5137dbd0c0432c5ac.jpg','63','Aperiam eum itaque ex in error. Autem totam non quam fugiat dolor in. Nesciunt id commodi aspernatur aut quam officia. Omnis ad laudantium architecto rem.','2012-03-02 19:48:03','2012-03-23 00:20:31'),
('64','tmp/f0923b90d0d6bd4703d3441454f80164.jpg','64','Ratione molestiae sit deserunt corrupti. Amet iste ad ut aspernatur ex quasi. Consequatur consequatur nisi sit numquam.','1999-03-19 21:05:00','1980-07-05 00:17:27'),
('65','tmp/95600d3c571c81d8f7594ad6727ebb5c.jpg','65','Quia et et cupiditate nobis corrupti est. Praesentium numquam a quidem magni animi. Rerum id atque nulla nobis soluta harum. Et unde dolores ut.','1996-04-15 15:52:26','1999-02-28 21:20:16'),
('66','tmp/00866d48a678df5462fa3ea3002c5bb6.jpg','66','Mollitia et nisi modi est nisi magnam. Perferendis voluptatem et ad. Error quaerat dolor molestiae alias amet rem.','2003-08-02 07:45:42','1981-09-13 23:33:46'),
('67','tmp/6f58a3a2f7947079eaf6def3ed539347.jpg','67','Voluptas voluptates consequuntur enim ullam distinctio eos corporis. Reprehenderit non ut consequatur optio facilis illum dignissimos repudiandae. Ut consequatur est rerum nam rerum. Unde et quibusdam reiciendis sint cupiditate dolorem.','1981-03-01 09:45:39','1992-06-05 06:50:33'),
('68','tmp/17477919b277ff4b2d34b8958f9562e9.jpg','68','Sed numquam quis sunt aliquam ipsam. Inventore voluptatum enim voluptas dolorem excepturi nulla est vitae. Et rem dolorem tempore iusto ipsa voluptas provident.','1987-08-24 03:24:19','2010-11-21 12:28:13'),
('69','tmp/367af5a50177db6d81d149a6b69c5909.jpg','69','Iusto cumque officiis sit voluptas reiciendis perferendis. Voluptates quo quo enim. Quos incidunt consequatur explicabo autem delectus tempore et. Ex officia vel nemo vel sed numquam dolores.','1975-04-23 08:22:10','1997-01-18 09:02:13'),
('70','tmp/6d10a5c90c5752bdee062f0be557f22a.jpg','70','Ut ut officiis eos voluptas dolorum ipsam et amet. Eum accusamus aut sunt autem aut veniam sit. Voluptatem et voluptatem nostrum odit. Culpa quos beatae molestias eum totam.','1975-11-10 22:11:34','1984-01-10 15:31:11'),
('71','tmp/bdfd2066bef0a115f79f6e3c51a63cba.jpg','71','Est natus ullam voluptas architecto reprehenderit voluptatem. Itaque molestiae hic occaecati amet. Et nihil aut temporibus assumenda eum ut. Laudantium debitis et eum architecto mollitia et. Reprehenderit quisquam pariatur molestias.','2008-01-29 08:12:24','1999-03-16 13:37:56'),
('72','tmp/3bccd463f3c45e9070a637a2de7be37c.jpg','72','Quia quis eos laborum minima et labore. Voluptas delectus et non quos ducimus corrupti deserunt quia. Ea quia consequatur enim omnis autem. Qui et et ex adipisci repudiandae aut suscipit.','1985-05-16 23:47:28','1975-06-17 00:38:52'),
('73','tmp/322e6243095d734113aec911110263db.jpg','73','Et libero provident error quibusdam consectetur maxime suscipit. Autem maiores sunt voluptatibus aliquid. Fuga aperiam perspiciatis esse quia modi deserunt. Molestias et et iure sed temporibus a.','1990-04-11 01:20:13','1989-02-22 20:19:16'),
('74','tmp/37d055c82cdadfd7443c8d88203fee85.jpg','74','Explicabo porro incidunt qui et et. Inventore et nihil tenetur harum explicabo quisquam vel. Sed autem sequi beatae at mollitia et. Ea nihil consequatur fuga sed. Consequuntur aut quo et et qui autem.','1983-07-01 14:00:45','2009-03-15 14:26:37'),
('75','tmp/51394793adf861666bdec456bf281b8c.jpg','75','Quia culpa possimus dolorem animi ducimus et dolores. Occaecati quis impedit eligendi magnam qui. Explicabo vel quibusdam repudiandae repellendus voluptatem ut.','2009-10-07 16:10:37','2006-08-22 12:52:48'),
('76','tmp/d70e8c342bc515345385611b538f3e39.jpg','76','Molestias omnis aut placeat harum qui est qui. Quasi quo quod non eligendi veritatis. Eum nemo voluptate distinctio rem ipsum odio voluptatibus. Eligendi corporis rerum dolores possimus quis eum corporis.','2006-12-19 07:51:58','1996-10-23 23:49:57'),
('77','tmp/6b1b0068f2da1e575dc623da527b9c17.jpg','77','Dolorem ducimus qui quis recusandae tempore incidunt ut. Porro ut sint tempora rerum non delectus dolor. Labore nesciunt soluta atque molestias dolore doloremque quia. Sed eveniet quam mollitia unde.','1981-07-14 21:12:42','1974-02-14 05:39:11'),
('78','tmp/85446c17020cde82edf696d98d63e7b6.jpg','78','Debitis animi accusantium fugiat vel blanditiis. Provident asperiores quo iusto aliquid ut. Sint ipsa quo reprehenderit sed. Rerum et necessitatibus cupiditate quis fugiat.','2013-01-06 06:34:46','2012-01-15 10:00:41'),
('79','tmp/fa7df7837d5318ddbb25a10699621aec.jpg','79','Aut qui eos vel aliquam quia repudiandae. Quia sint dolor magni inventore sint ea id voluptatem. Eius illum ad cumque adipisci repellat qui ipsum. Et voluptatem qui quia esse necessitatibus sit.','1988-04-08 08:28:07','2014-11-09 06:08:21'),
('80','tmp/297a261f4f3d08350da75bee600161cd.jpg','80','Eaque odio expedita delectus quia. Necessitatibus hic et sint dignissimos voluptates et. Consequuntur alias qui eius voluptas voluptatum.','1999-12-17 04:53:46','1998-11-18 19:53:32'),
('81','tmp/f9453cc06853357eb489a1ffceaaec07.jpg','81','Iure enim voluptas consequatur eum velit et. Iste maiores fugit et consequatur commodi sint consectetur. Nesciunt eveniet pariatur mollitia illo aut tempora fuga. Aspernatur fugit magnam cum deleniti.','1979-01-14 13:50:19','2012-09-06 00:05:47'),
('82','tmp/67083304a4d341182fca331a43b5dc93.jpg','82','Adipisci quam molestiae ea labore. Et voluptates asperiores ratione similique ipsa laborum aperiam et. Ipsa rerum saepe enim.','1995-03-10 14:18:42','2014-06-01 09:13:10'),
('83','tmp/8ef80c34cf8c47b4eec2ff12dfa7e15a.jpg','83','Et doloremque deserunt magni vitae. Hic explicabo ducimus assumenda quaerat natus dolores et. Porro perferendis deleniti sint est ullam.','2015-12-04 00:13:40','2015-09-08 22:29:16'),
('84','tmp/5e5c4cfdb9ec7e3dd9ffbc2e1998a0fb.jpg','84','Et qui dicta et pariatur aut culpa eos. Est nihil nihil delectus ipsum laudantium eum. Aut dolor ullam cum libero amet. Voluptates et quae officia omnis pariatur repudiandae est. Et sed consectetur quo quas quaerat dolores repellat corrupti.','1988-09-01 16:01:03','2010-07-27 10:35:57'),
('85','tmp/85a23db9dd1faa344ae4b05a7ea44aa3.jpg','85','Sunt nihil neque possimus qui voluptatem repudiandae dolores. Repellat et incidunt qui modi quas ipsum. Dolores harum quaerat amet error doloribus doloribus. Iste perspiciatis voluptatem placeat quos.','2004-03-30 02:31:23','1970-11-19 00:31:55'),
('86','tmp/280620539f4d5b77281f5bbf547c541c.jpg','86','Consequatur eligendi dolore iure totam aliquam. Aut dolores quod vero consectetur facere molestiae. Saepe facere officiis aliquid quis nihil facilis est.','2019-06-14 16:03:52','1990-12-17 17:58:25'),
('87','tmp/c493f280af5e9459fc5efaae791da435.jpg','87','Voluptas quo eum impedit nemo unde magnam aut maiores. Doloribus non laudantium aliquam facere deleniti. Reiciendis quaerat aut eos fuga velit id suscipit accusamus.','1999-08-17 12:53:31','1994-08-08 18:25:00'),
('88','tmp/8742fe8dd5bfb64a2501923f9114bc61.jpg','88','Aliquam aut id sunt eum. Nemo placeat eius cum maxime modi saepe soluta ut. Ut labore aut ut.','1993-04-18 11:01:39','1971-12-18 08:23:59'),
('89','tmp/f54bc7cda3681e92dc7e854ffdbc1a27.jpg','89','Natus beatae aut quam voluptatibus voluptatem. Qui sed et nihil aut rerum molestiae. Accusamus sapiente dolorem doloribus veniam magnam.','1988-12-10 06:35:04','1976-11-16 19:33:47'),
('90','tmp/c42606e6560a9154f01d7f0967633742.jpg','90','Nemo corrupti ut vero consequuntur est quaerat amet. Ducimus magni aut rerum et praesentium. Ipsam culpa eius neque distinctio consectetur qui.','2004-04-25 06:54:17','1977-12-21 16:18:53'),
('91','tmp/f939a070e937a090a78b5bb5c1ddf238.jpg','91','Fugit dolorum laborum quis asperiores nulla. Ut et nisi perspiciatis. Quis repellendus eligendi et voluptatibus.','1974-06-30 23:09:30','1974-04-16 04:05:12'),
('92','tmp/a744e3f635126c8231958de5cee64d92.jpg','92','Molestiae qui ea eveniet non. Necessitatibus consequuntur officiis repellendus incidunt repellat earum ratione. Quisquam labore id qui consequatur doloremque et. Ratione eos est enim et voluptas impedit aut.','2000-06-25 04:11:24','2000-01-13 17:35:07'),
('93','tmp/104c91c2107374ed138bfc41fb40331f.jpg','93','Sit aut aspernatur at earum vitae sit quia unde. Ut qui iure eos corrupti. Excepturi fugiat accusamus quia non.','1980-01-12 10:40:31','1998-04-30 09:17:16'),
('94','tmp/28ad7a0c326cbd89aa2b89021edfcaac.jpg','94','Aut dicta laborum omnis impedit sit. Minus sit eum quo fuga et ipsam.','2010-04-25 17:44:29','2017-06-25 18:10:33'),
('95','tmp/7491e14911c26aae96fcce326436f1dc.jpg','95','Sit a odit voluptatum exercitationem in. Occaecati praesentium consequatur velit non autem autem. Qui quisquam dolorem esse autem qui omnis eaque quidem.','1985-11-23 00:04:20','2019-05-13 10:45:50'),
('96','tmp/22cfb04b1c23a086f333fc766b6b2f90.jpg','96','Itaque voluptates sed laboriosam. Rem dolor ratione rem pariatur aspernatur totam ab. Rerum nihil qui quia. Dolor enim molestias omnis et quia. Et qui omnis recusandae eligendi at voluptas qui voluptatem.','2011-04-09 21:18:43','1991-12-19 23:40:07'),
('97','tmp/b1ad48975750167086b79c446b5ab1da.jpg','97','Eius pariatur qui tempore nisi ullam. Sapiente nihil et hic tenetur. Maiores quia et enim similique modi error. Nihil unde et velit consequatur voluptatem neque ut corporis. Unde et commodi provident ipsum.','2010-10-03 16:53:11','1994-01-18 17:05:33'),
('98','tmp/3d8b51757014cb888b52fb1759750513.jpg','98','Est nam voluptatem eum velit. Et nam reprehenderit omnis enim aperiam consequatur. Et omnis deserunt velit quam repudiandae voluptatem sunt.','2008-09-06 01:49:18','1974-04-08 19:32:56'),
('99','tmp/8d9cea78d27b33f41a4589b421db79c1.jpg','99','Sed mollitia vero dolore est accusamus blanditiis. Dolorum minima officiis omnis id deserunt cum velit voluptas. Non numquam voluptatem perferendis reprehenderit unde asperiores maxime. Enim amet ducimus ut repudiandae debitis magnam.','1992-05-21 22:36:50','2005-06-04 06:56:16'),
('100','tmp/c924d0e012b070187142a26b7dc3a864.jpg','100','Ut fugit eveniet pariatur et tempore explicabo. At delectus harum atque fuga. Placeat voluptatibus sit expedita officia.','2006-05-01 15:34:00','1973-03-10 18:03:31'); 


DROP TABLE IF EXISTS `posts`;
CREATE TABLE `posts` (
  `id` bigint(20) unsigned NOT NULL AUTO_INCREMENT,
  `user_id` bigint(20) unsigned NOT NULL,
  `body` text COLLATE utf8_unicode_ci DEFAULT NULL,
  `attachments` longtext CHARACTER SET utf8mb4 COLLATE utf8mb4_bin DEFAULT NULL CHECK (json_valid(`attachments`)),
  `metadata` longtext CHARACTER SET utf8mb4 COLLATE utf8mb4_bin DEFAULT NULL CHECK (json_valid(`metadata`)),
  `created_at` datetime DEFAULT current_timestamp(),
  `updated_at` datetime DEFAULT current_timestamp() ON UPDATE current_timestamp(),
  PRIMARY KEY (`id`),
  KEY `user_id` (`user_id`),
  CONSTRAINT `posts_ibfk_1` FOREIGN KEY (`user_id`) REFERENCES `profiles` (`user_id`)
) ENGINE=InnoDB AUTO_INCREMENT=101 DEFAULT CHARSET=utf8 COLLATE=utf8_unicode_ci;

INSERT INTO `posts` VALUES ('1','1','Quo sed enim repellendus expedita fuga corporis voluptatem. Reprehenderit consequatur sapiente dicta explicabo sunt. Aut tenetur aspernatur rerum iste. Et voluptas eveniet ratione tempore. Laudantium modi aut iure suscipit placeat nostrum.',NULL,NULL,'2000-02-28 01:06:33','2012-04-13 09:10:09'),
('2','2','Et dolore quo sed. At et incidunt fuga amet. Facilis iusto modi temporibus autem rerum. Sed et quo et voluptatem.',NULL,NULL,'1998-03-23 02:47:30','2013-04-06 03:14:14'),
('3','3','Modi quia et libero voluptas. Corrupti officia amet repellat dolor eos at doloremque. Aut facilis quasi delectus distinctio ut dolor voluptas qui. Possimus perferendis maxime neque doloremque.',NULL,NULL,'1996-01-08 20:09:12','2011-06-02 00:19:04'),
('4','4','Ut veniam vel omnis distinctio quia distinctio. Iusto error numquam ipsum sit. Exercitationem placeat optio vero sequi error dolore. Et aperiam voluptatibus labore optio impedit aut.',NULL,NULL,'1995-04-08 10:12:43','1979-08-07 11:01:35'),
('5','5','Ipsum sint et quis aliquid. Et aut quia qui dicta autem minus quo. Et cupiditate labore sed. Consectetur ad sed iure error velit fugit.',NULL,NULL,'1989-09-21 07:12:08','1980-08-10 03:54:02'),
('6','6','Veritatis porro voluptate quasi quos. Eos non et ipsum saepe ipsum et aut. Ullam possimus harum et sed ex hic.',NULL,NULL,'2004-09-21 19:31:39','1978-10-19 00:02:58'),
('7','7','Tenetur omnis voluptates suscipit nihil dicta. Aut veniam blanditiis debitis expedita sit. Non voluptatem qui at non aut. Reiciendis suscipit sit ut aut dolor velit alias sed.',NULL,NULL,'2001-10-26 14:35:51','1970-09-24 04:01:41'),
('8','8','Nam et sint recusandae magni. Sed vero quia libero delectus. Quis a aliquam quae vero. Accusamus debitis alias qui hic sit.',NULL,NULL,'1997-03-03 23:52:02','1979-08-27 18:51:41'),
('9','9','Odio sed corporis occaecati. Repellat id ipsum qui facilis optio. Voluptates dicta aliquam voluptatem velit molestiae suscipit magni. Sunt quis voluptatum ab aut.',NULL,NULL,'1988-11-06 17:11:28','1970-11-09 03:19:07'),
('10','10','Quos quidem iusto sint quidem unde. Placeat fuga porro debitis in. Repellat voluptate minima et architecto ut sit et. Officia perferendis et repellat et qui est.',NULL,NULL,'1997-12-12 15:44:52','1979-09-06 20:37:19'),
('11','11','Autem modi nihil ex odio autem. Id minus voluptate quibusdam facilis fuga facere ipsam.',NULL,NULL,'1976-07-15 11:37:15','2007-10-30 20:04:59'),
('12','12','Nulla sint non consequatur qui. Nihil dolore et beatae voluptatem explicabo. Ut est saepe est. Dolorem non voluptas voluptas sed. Minima maiores deserunt impedit ab voluptatem magnam illo.',NULL,NULL,'1992-10-07 06:44:25','1973-03-18 11:50:21'),
('13','13','Ut excepturi vitae nesciunt. In quisquam ea esse saepe. Ad ut distinctio et aut iure ducimus. Laboriosam et facere facilis rerum corporis unde. Nostrum ut consequatur corporis aliquid.',NULL,NULL,'1990-03-25 18:15:08','1984-04-07 19:45:02'),
('14','14','Animi iusto recusandae tempora voluptates in. Facilis nesciunt vitae a fugiat corrupti.',NULL,NULL,'1979-02-21 12:15:36','1972-09-14 09:38:07'),
('15','15','Provident aut saepe modi ducimus quo eum. Odio totam id magnam temporibus vel. Fuga maxime dignissimos eius vitae natus. Eveniet velit eos sunt dolores.',NULL,NULL,'1978-09-24 01:29:01','2007-07-15 08:10:21'),
('16','16','Molestiae aliquam illo minima. Omnis pariatur tempora est sapiente sed quibusdam dolorem et. Ipsa dolor officiis molestiae voluptatum minima odit. Repudiandae et atque et ratione est deserunt quaerat.',NULL,NULL,'1982-07-23 16:00:55','1981-10-19 05:31:56'),
('17','17','Voluptatem porro eligendi est et eaque aut. Quas et rem error ut sint. Id cupiditate inventore delectus deleniti quis consequatur id. Rerum veniam eius culpa neque autem explicabo ut. Amet sed ratione eaque totam laborum sit debitis sed.',NULL,NULL,'1972-04-16 17:03:46','1995-10-22 05:05:21'),
('18','18','Aut dolores molestias perspiciatis qui debitis corporis. Eius laborum officia debitis dolores sapiente. Et eligendi temporibus est nemo expedita natus voluptatem. Quia eligendi dolores blanditiis aut architecto facere.',NULL,NULL,'2018-05-09 20:01:52','1991-12-14 05:20:59'),
('19','19','Ullam et est facere incidunt. Ut est recusandae dolores.',NULL,NULL,'1972-11-21 08:56:09','1996-07-02 06:27:23'),
('20','20','Aut excepturi distinctio a aut cupiditate cumque doloremque. Et neque recusandae illum at vel reprehenderit. Voluptas aut quia earum fuga praesentium nam dolor.',NULL,NULL,'2001-06-01 02:28:38','1982-02-09 16:04:30'),
('21','21','Nobis soluta consequatur quidem laudantium. Doloribus qui sequi qui et. Voluptatem et quo doloremque quis consectetur sunt eos dolorem.',NULL,NULL,'2017-03-06 05:46:46','1974-12-07 12:41:50'),
('22','22','Iusto nihil quaerat aut occaecati voluptas vel. Ut et saepe impedit possimus laboriosam rerum nemo. Laudantium ratione eum expedita ullam.',NULL,NULL,'1997-06-03 07:00:34','2009-11-21 03:05:43'),
('23','23','Totam consequuntur ex aperiam tenetur blanditiis ea. Nostrum sapiente dolorem distinctio omnis. Sunt error qui iste velit qui.',NULL,NULL,'2018-10-21 05:32:09','1990-11-13 05:44:12'),
('24','24','Deserunt molestiae aut et et autem ut. Eveniet dolorum soluta sapiente ducimus. Eos laudantium corporis expedita accusantium ipsum.',NULL,NULL,'2018-06-23 03:36:56','1976-04-28 07:14:24'),
('25','25','Reprehenderit voluptatem delectus nisi dolorem unde quia. Consequuntur dolores velit vitae sit. Tenetur consequatur corporis reprehenderit recusandae. Distinctio harum libero illo alias voluptas. Repellendus quis repudiandae est sed.',NULL,NULL,'1976-04-22 02:43:34','1978-03-11 07:28:48'),
('26','26','Eligendi tempora similique est ut cumque tenetur quis. Ipsam quia aut tempora a expedita et consequuntur. Et expedita optio non vel voluptatibus recusandae in. Quia dicta sit eum totam.',NULL,NULL,'1982-05-06 08:02:29','1980-12-31 22:55:18'),
('27','27','Asperiores in ut earum. Soluta consectetur molestias sit itaque totam et quam. Voluptas ea magni ipsa est laboriosam consequatur.',NULL,NULL,'1970-07-21 09:36:51','1983-01-23 11:53:29'),
('28','28','Eos dolorum hic quas magni nisi et. Eos esse sed consequatur blanditiis vel blanditiis est. Aspernatur itaque est repellendus. Qui officiis et est tenetur iste voluptas.',NULL,NULL,'2012-11-19 20:45:07','2000-12-31 07:48:08'),
('29','29','Doloribus esse aut sequi quis eos ut. Quis provident repellendus aut suscipit. Voluptatem eum illo aut. Adipisci quis aspernatur molestias.',NULL,NULL,'2014-10-02 02:14:31','2018-10-21 13:19:25'),
('30','30','Iusto ab non nihil qui vel velit. Sed sint est officia non eos rerum. Quasi eos eum porro dolores voluptas dolor sed ea.',NULL,NULL,'1992-02-15 08:59:10','1970-01-03 06:15:41'),
('31','31','Qui qui quo sapiente et totam minus. Aliquam ipsam saepe modi voluptatum asperiores eaque veritatis. Consequuntur provident minus amet ut. Dolor recusandae unde adipisci. Quas id quis debitis qui ipsa molestiae.',NULL,NULL,'2018-06-11 17:34:40','1970-08-25 13:06:35'),
('32','32','Accusantium facilis voluptatum similique animi et sit. Aut magni dolorem suscipit quae sit. Dicta aut ullam aut. Quae soluta voluptatibus fugit dolores dolore. Qui numquam quia totam voluptatibus animi porro.',NULL,NULL,'1988-01-25 04:59:54','1988-03-05 21:32:55'),
('33','33','Itaque in exercitationem cumque blanditiis quas. Accusamus dolorem molestias dolores nihil eaque natus officia. Quia iure nam voluptatem in debitis et eum tempore.',NULL,NULL,'2004-05-21 21:40:00','2013-11-23 22:08:37'),
('34','34','Ipsa ipsam non ad hic doloremque et similique. Illum non ducimus accusamus voluptate placeat sed.',NULL,NULL,'2017-11-23 22:26:37','2002-06-16 23:23:22'),
('35','35','Beatae excepturi unde error suscipit iure. Fugiat dicta nesciunt tenetur totam corrupti. Officia in ducimus repellendus optio. Libero vero et deserunt repellat.',NULL,NULL,'2006-05-20 09:38:15','1986-07-20 02:29:31'),
('36','36','Quod sunt sit in dolorum tempora. Dignissimos quis omnis fugiat in sed officiis. Facilis vel ipsam ducimus non qui. Occaecati et et cum consequatur et ea voluptas.',NULL,NULL,'1996-10-15 04:27:04','2011-06-12 18:28:25'),
('37','37','Ut ab quibusdam nisi ut quia. Repudiandae alias adipisci sunt esse.',NULL,NULL,'2020-02-04 15:10:26','1974-08-12 15:17:32'),
('38','38','Mollitia sed occaecati est iste ratione odio temporibus. Et consequatur error omnis omnis doloremque alias. Quae veniam ut est ducimus. Illum cum iste asperiores pariatur aperiam et ducimus eligendi.',NULL,NULL,'1970-05-01 01:04:08','1988-07-19 19:14:24'),
('39','39','Praesentium commodi et cum ut. Recusandae sed sed necessitatibus cupiditate itaque et qui. Cumque corporis tempore et harum cumque iure.',NULL,NULL,'1975-10-15 19:16:38','1985-04-27 06:30:35'),
('40','40','Eos laboriosam sunt voluptatum numquam unde. Eius fugiat sed voluptas qui voluptas. Soluta veniam amet voluptates et.',NULL,NULL,'2013-08-25 22:05:48','1982-01-20 18:30:05'),
('41','41','Sapiente earum ipsum quo expedita laudantium sint non. Eum magni voluptate voluptatum molestias sit non. Recusandae facilis soluta quibusdam iure autem.',NULL,NULL,'1971-12-25 19:44:47','2003-02-04 14:48:13'),
('42','42','Voluptate possimus molestias commodi et voluptates. Totam alias velit est culpa dolore a. Ut nihil dolorem praesentium alias porro quia aut.',NULL,NULL,'2011-11-05 15:02:00','2011-11-20 08:02:00'),
('43','43','Cum qui iste consequuntur enim eos qui recusandae. A nobis ea dicta consequatur modi. Itaque sed voluptas quidem corporis.',NULL,NULL,'2018-04-27 19:18:23','1983-03-03 03:22:00'),
('44','44','Nisi velit sunt non qui. Odit distinctio voluptatem eos totam quaerat laboriosam. Et eos mollitia rerum doloribus et.',NULL,NULL,'1974-12-13 02:19:57','2017-06-23 15:06:43'),
('45','45','Pariatur et quidem et nihil harum animi. Deleniti modi aliquid veritatis. Quo esse at quia molestias. Fugit quos voluptas et adipisci provident et dignissimos.',NULL,NULL,'1980-08-16 08:50:44','1999-12-06 05:23:07'),
('46','46','Eius et aut sit laborum dolores. Rerum deleniti vitae quo laborum reiciendis adipisci. Est ut officiis omnis non voluptate.',NULL,NULL,'2004-11-23 22:55:22','2015-08-09 08:37:43'),
('47','47','Beatae dolorem nihil accusamus at enim. Consequatur excepturi aut repellat et quaerat mollitia ducimus. Eligendi aut tenetur fuga debitis dolorum fuga quia. Commodi enim aut dolorum repellat.',NULL,NULL,'1985-08-06 09:50:43','2002-10-24 19:12:42'),
('48','48','Nemo quisquam soluta fugit placeat. Qui nihil quod quod velit facilis ipsum tenetur dolore.',NULL,NULL,'1972-09-17 18:18:03','1987-05-30 01:04:44'),
('49','49','Est omnis quia mollitia ut ut quam consequatur. Reiciendis pariatur autem et quam ad asperiores id. Quis officia nulla officia et officia pariatur id. Dolore iste quis id corrupti est. Corporis ratione dignissimos ut qui libero ipsam doloribus.',NULL,NULL,'1986-05-17 01:58:46','1997-01-15 10:49:45'),
('50','50','Dolor magnam alias minima ducimus suscipit explicabo. Ullam et delectus voluptas autem. Ullam ad et nisi quo voluptatem ut deserunt aut.',NULL,NULL,'2017-11-12 11:53:50','1994-07-03 03:54:12'),
('51','51','Voluptas praesentium ad sit ut veritatis. Unde nihil sit nulla molestiae.',NULL,NULL,'2006-01-26 04:40:04','1977-08-24 09:35:23'),
('52','52','Unde reprehenderit eius consequatur explicabo nemo. Fuga quo sunt vitae vel fugit. Ipsam quae consequuntur quibusdam velit.',NULL,NULL,'2011-10-24 18:07:03','2014-06-17 14:25:36'),
('53','53','Voluptatem magni non iste ut ullam harum eum. Et dolor ea quia necessitatibus illo molestiae. Velit odio atque sed quo quibusdam.',NULL,NULL,'2001-03-13 00:22:31','1987-10-26 19:43:07'),
('54','54','Quis voluptas non sed possimus cupiditate aut rerum. Doloremque et voluptatem hic. Numquam accusamus ut sit.',NULL,NULL,'2016-10-25 09:51:48','2012-01-24 05:34:37'),
('55','55','Repellendus porro repudiandae qui dolores tenetur omnis. Aliquid commodi quae suscipit molestiae. Distinctio suscipit ut dolores a qui laborum.',NULL,NULL,'1988-01-04 21:32:13','1987-12-08 13:12:39'),
('56','56','Quo at quia recusandae et dolor blanditiis eum. Aliquid amet vero laborum quam exercitationem. Facilis dolores adipisci est ut id tempora.',NULL,NULL,'1998-04-14 17:43:08','2017-12-09 06:05:48'),
('57','57','Dolores deleniti esse libero recusandae id voluptas earum. Debitis architecto aperiam recusandae. Voluptatem ad et et.',NULL,NULL,'1976-01-09 19:27:52','1979-06-27 17:03:56'),
('58','58','Atque laboriosam harum sunt ipsum possimus alias. Sed beatae magni necessitatibus esse illo. Occaecati ut qui ullam adipisci. Voluptates qui ipsum expedita placeat.',NULL,NULL,'2003-06-21 12:48:30','2004-11-30 23:37:01'),
('59','59','Saepe ut nisi eius maxime. Eum harum ratione est. Aut expedita neque nesciunt quos repudiandae velit. Possimus omnis consectetur voluptas sed.',NULL,NULL,'1991-02-11 05:40:40','2003-09-20 13:17:53'),
('60','60','Ut harum non et pariatur. Quia mollitia molestias officia inventore culpa quia rerum. Consequatur ex facilis quia itaque reprehenderit.',NULL,NULL,'1996-03-25 20:28:00','2017-08-03 19:55:54'),
('61','61','Vitae rerum veritatis voluptas aut veritatis. Et asperiores voluptatem id omnis dolores excepturi aut. Quia dolores deleniti in rem hic accusamus consequatur quo.',NULL,NULL,'2015-04-07 05:34:20','2010-01-04 19:59:45'),
('62','62','Repudiandae aliquid autem deserunt in blanditiis. Suscipit placeat quia minus deserunt autem qui natus. Culpa laboriosam dolores eligendi neque commodi sit delectus. Qui consequatur mollitia placeat reprehenderit dolorem.',NULL,NULL,'2007-04-16 13:37:15','1979-08-01 08:28:23'),
('63','63','Quo ipsam hic esse quaerat vel magnam porro. Doloremque sed nemo ipsum vel nihil nihil similique. Odio rem earum culpa et voluptas maxime neque.',NULL,NULL,'1970-04-06 16:19:29','1972-01-14 12:55:53'),
('64','64','Exercitationem et quia nemo corrupti. Aut voluptas ipsam debitis nihil eum. Qui quas est molestiae velit voluptate veniam. Consequuntur minima fuga distinctio et sed consequuntur. Maiores id exercitationem qui fuga.',NULL,NULL,'2010-01-10 00:43:49','2000-10-02 06:25:09'),
('65','65','Harum nihil ipsa velit non. Veniam velit possimus et quod quasi dolorem id. Est unde magnam officiis laboriosam iusto architecto sit.',NULL,NULL,'1988-09-10 23:36:49','2008-12-02 16:21:17'),
('66','66','Non excepturi et aut accusantium qui hic quia. Nesciunt et et aut qui ea et expedita. Ut odit veniam aliquid recusandae. Aliquam fuga cupiditate exercitationem ut aliquid. Impedit aliquid tempore quia.',NULL,NULL,'1979-05-24 18:32:24','1993-04-22 04:29:24'),
('67','67','Non ipsa quisquam ducimus et. Qui sint quia autem est iure. Aut excepturi nostrum facere est nihil animi doloribus ut.',NULL,NULL,'1991-05-02 04:01:20','2015-06-17 08:12:44'),
('68','68','Omnis assumenda nobis id officiis. Illum odit veniam eaque officiis quisquam rem et modi. Dolores et possimus quas eligendi et. Numquam deserunt quia veniam illo voluptatem.',NULL,NULL,'2010-03-16 11:58:33','1982-03-09 07:12:19'),
('69','69','Quis vitae eum nihil dolorem quas non dolorem architecto. Culpa ipsum sunt ducimus iure qui et. Omnis nihil alias rerum illum. Autem enim ipsam vero modi ut quo.',NULL,NULL,'2001-12-13 00:19:18','2013-04-07 15:13:59'),
('70','70','Error dolores sequi qui cupiditate modi numquam fugiat. Iste ut dolores accusamus. Iusto eveniet qui omnis expedita placeat eaque.',NULL,NULL,'1979-06-30 08:56:49','1972-04-20 15:23:32'),
('71','71','Ut assumenda deleniti deleniti nam. Nostrum dolor sit occaecati velit sit porro. Quaerat aliquam fugiat molestiae sit.',NULL,NULL,'1998-04-13 01:58:17','1984-01-29 08:49:03'),
('72','72','Distinctio praesentium molestias officiis et. Optio hic magni voluptatem rerum sed molestiae quibusdam. Dolorum voluptas dolore vero quaerat qui tempore eveniet. Quasi voluptas beatae aut est ad. Aut autem et facere ullam.',NULL,NULL,'1991-03-16 19:18:30','1975-06-15 17:25:29'),
('73','73','Porro aut ad nam eius necessitatibus at nesciunt. Harum placeat molestias sit eveniet ipsum. Quas et commodi iste deleniti vel facilis repellendus.',NULL,NULL,'1971-04-02 10:15:43','1995-03-23 16:39:13'),
('74','74','Temporibus cupiditate aut fugit qui suscipit quae. Non incidunt esse beatae eveniet quasi. Ipsa aliquid laudantium repellendus earum ullam eligendi eligendi.',NULL,NULL,'2000-06-20 06:07:09','2016-04-18 18:29:13'),
('75','75','Natus praesentium ea maiores praesentium perferendis. Aliquid molestias sequi consequatur tempora dignissimos debitis. Et nisi eos sit aliquid molestias. Voluptates ab minima dolorum tenetur non ad beatae.',NULL,NULL,'1972-08-14 12:51:58','1992-09-26 20:04:22'),
('76','76','Aut eos voluptatem totam. Aut cupiditate voluptatem voluptate inventore vitae ratione eum.',NULL,NULL,'1984-06-14 22:02:22','2002-10-07 07:45:37'),
('77','77','Qui blanditiis et laboriosam quasi aut odit et. Ipsa iste rerum ea ex alias eius delectus. Hic dolores ab temporibus est laborum. Laborum dolorem est dolorem et quos.',NULL,NULL,'1980-07-07 11:20:16','1998-09-25 20:57:52'),
('78','78','A cum et deleniti. Aperiam recusandae dicta non aut. Harum voluptatem labore voluptate. Sed consequatur labore a officiis aut.',NULL,NULL,'1978-03-05 22:38:13','2002-07-07 07:11:40'),
('79','79','Nobis autem aut corrupti vel quia aut fugit. Doloribus autem sint et ducimus nihil. Ex rerum quod fuga nulla officiis eveniet esse. Qui repellat quidem sint tenetur.',NULL,NULL,'1989-09-01 06:21:14','2011-09-22 19:49:51'),
('80','80','Quos molestiae tempora magni ut qui. Odit odit eligendi doloremque enim nihil esse. Ratione harum aliquid incidunt illum nihil exercitationem. Et quibusdam eum placeat nulla doloribus enim enim.',NULL,NULL,'1970-09-06 01:51:07','1985-07-14 15:32:09'),
('81','81','Et consequatur eligendi sint sed corrupti. Totam aliquid et dolorum perspiciatis quisquam ea corporis. Dolore totam officiis commodi laborum. Explicabo illo accusantium facere ullam rem et odio repellat.',NULL,NULL,'1997-08-16 23:28:26','1978-06-17 11:44:49'),
('82','82','Magni voluptatum est rerum natus sequi. Nobis eum rerum eum enim illum officiis commodi est. Dicta explicabo inventore eaque voluptatem voluptas eius.',NULL,NULL,'1984-03-17 06:05:40','1994-11-11 01:41:41'),
('83','83','Ipsum enim et nostrum est in alias. Aut nostrum quaerat earum dolor. Enim molestiae facere est nam dignissimos sunt.',NULL,NULL,'2007-05-13 03:06:12','1997-01-05 06:10:53'),
('84','84','Quod velit in unde dignissimos ut. Blanditiis asperiores porro qui voluptatem ipsum. Et vel reprehenderit eligendi dolores repellat totam inventore officiis.',NULL,NULL,'2001-12-25 16:00:15','1995-05-22 02:22:51'),
('85','85','Aliquam vel omnis vel quo eos. Modi ipsa quidem placeat amet autem consectetur. Cumque aliquam nihil et. Numquam sapiente deserunt quidem dolor accusantium reiciendis est culpa.',NULL,NULL,'2002-12-29 09:21:30','1983-07-15 00:38:44'),
('86','86','Sequi ut quam voluptatum iure. Eos saepe velit qui rerum beatae. Deleniti beatae eum unde mollitia. Facilis omnis accusamus et eaque.',NULL,NULL,'1998-01-29 13:21:26','1972-07-28 08:45:03'),
('87','87','Assumenda et velit corporis inventore tempora culpa. Assumenda eum doloribus cumque accusamus commodi quaerat. Repudiandae eum impedit illum enim minus dolorem vero. Sit ipsum voluptates non atque sed rerum cum est. Rerum molestiae quo placeat iure omnis.',NULL,NULL,'2017-10-30 16:04:21','2019-09-08 03:24:37'),
('88','88','Sit numquam molestias quas dolor. Voluptatibus quae illo quo. Nam omnis ipsa quo non natus. Enim eveniet omnis laudantium molestias et asperiores.',NULL,NULL,'1997-07-25 11:34:29','1999-10-15 02:44:19'),
('89','89','Magnam officia consequatur eligendi in laboriosam vero. Qui perspiciatis delectus architecto est laudantium. Magni id distinctio dolor ad rerum incidunt. Odit incidunt ea deleniti quod.',NULL,NULL,'2019-06-17 00:16:06','1981-02-22 11:32:27'),
('90','90','Sint qui nihil architecto veritatis et eum ipsum. Dolorem vel delectus nostrum molestias suscipit. Rerum minima in totam aut deserunt et dolorem. Quia commodi dolorem facilis recusandae corrupti. Ducimus molestias recusandae dignissimos veritatis.',NULL,NULL,'1979-01-03 10:46:40','2011-02-04 00:58:45'),
('91','91','Sed accusamus sed voluptatem nemo. Et similique molestiae dolor laboriosam tempore perferendis vel. Sit officiis adipisci quia in. Cumque minima non debitis harum dolores ut sapiente.',NULL,NULL,'1981-05-15 17:05:25','2013-05-14 09:51:25'),
('92','92','Magnam esse quia sed magnam. Soluta placeat et nostrum quas dolorum. Temporibus explicabo ullam fuga fugiat.',NULL,NULL,'2012-12-17 23:39:34','1985-03-28 15:52:06'),
('93','93','Et temporibus eum et laudantium dolorem non. Dolorum facere iure aspernatur deserunt sint eaque voluptatem.',NULL,NULL,'1993-09-05 14:17:05','2009-02-21 19:31:51'),
('94','94','Provident officiis iste in dolorum enim vel ut. Qui atque eum alias consequatur sint corporis. Nobis velit odio molestias vero corporis velit.',NULL,NULL,'2003-11-25 10:38:20','1971-02-12 20:18:26'),
('95','95','Placeat omnis est et necessitatibus laudantium libero. Quibusdam in et sunt odit aut et. Est tenetur atque aut veritatis porro.',NULL,NULL,'1980-08-08 03:50:41','2013-11-20 06:30:17'),
('96','96','Qui laborum doloremque dicta minima libero sit. Nihil quidem nisi repudiandae iure dicta qui in.',NULL,NULL,'1995-02-25 20:46:46','1990-08-23 18:43:02'),
('97','97','Ipsum perferendis et magni eum est qui architecto at. Voluptatem harum similique repellat velit. Sint distinctio voluptatum nobis perspiciatis minima explicabo debitis.',NULL,NULL,'2013-11-22 13:10:19','2015-10-03 09:24:16'),
('98','98','Autem dolor voluptatum nobis odio. Rerum iste sint necessitatibus quidem. Pariatur quo repudiandae quae non distinctio corrupti et.',NULL,NULL,'2015-02-03 07:35:18','2017-04-13 15:25:19'),
('99','99','Sunt hic dolor dignissimos iusto tenetur ea. Soluta possimus veniam pariatur est. Unde architecto aliquid non.',NULL,NULL,'1971-06-20 03:10:56','2007-02-08 17:52:03'),
('100','100','Est neque aliquid eum. Dolorem ut quidem consequatur quasi qui qui est.',NULL,NULL,'1985-03-16 05:19:45','2004-11-16 09:03:53'); 


DROP TABLE IF EXISTS `profiles`;
CREATE TABLE `profiles` (
  `user_id` bigint(20) unsigned NOT NULL AUTO_INCREMENT,
  `name` varchar(255) COLLATE utf8_unicode_ci NOT NULL,
  `lastname` varchar(255) COLLATE utf8_unicode_ci NOT NULL,
  `gender` char(1) COLLATE utf8_unicode_ci DEFAULT NULL,
  `birthday` date DEFAULT NULL,
  `photo_id` bigint(20) unsigned DEFAULT NULL,
  PRIMARY KEY (`user_id`),
  KEY `name` (`name`),
  KEY `lastname` (`lastname`),
  CONSTRAINT `profiles_ibfk_1` FOREIGN KEY (`user_id`) REFERENCES `users` (`id`)
) ENGINE=InnoDB AUTO_INCREMENT=101 DEFAULT CHARSET=utf8 COLLATE=utf8_unicode_ci;

INSERT INTO `profiles` VALUES ('1','Lorna','Ankunding','f','2012-03-20',NULL),
('2','Gabe','Stroman','f','1998-10-11',NULL),
('3','Leila','Donnelly','f','1979-05-20',NULL),
('4','Roderick','Brakus','f','2001-12-04',NULL),
('5','Walton','Graham','f','2005-05-04',NULL),
('6','Lea','Cole','f','1981-12-09',NULL),
('7','Brenden','Schiller','m','1976-09-10',NULL),
('8','Ignatius','Kunze','m','1994-02-12',NULL),
('9','Alfonzo','Schuster','m','1978-08-04',NULL),
('10','Porter','Hane','f','1999-03-08',NULL),
('11','Lurline','Roberts','f','1987-03-24',NULL),
('12','Kristy','Murazik','m','2018-12-06',NULL),
('13','Aryanna','Hermiston','f','1978-05-10',NULL),
('14','Marcelina','Deckow','f','2011-10-04',NULL),
('15','Franco','West','f','1970-11-15',NULL),
('16','Pamela','Mraz','f','1992-07-23',NULL),
('17','Eileen','Rau','f','1995-05-14',NULL),
('18','Rey','Predovic','f','2004-01-31',NULL),
('19','Aniya','Dicki','f','1994-08-07',NULL),
('20','Jaylin','Pollich','f','1972-09-09',NULL),
('21','Francesco','Hansen','m','2015-01-12',NULL),
('22','Ocie','Wiegand','f','1993-12-26',NULL),
('23','Estefania','Bahringer','m','2001-09-21',NULL),
('24','Kassandra','Kohler','f','1980-08-05',NULL),
('25','Adelia','Bechtelar','m','2018-02-23',NULL),
('26','Jaime','Doyle','m','1993-03-10',NULL),
('27','Garett','Hamill','m','1970-10-17',NULL),
('28','Jasen','Metz','m','1982-01-18',NULL),
('29','Wade','Hintz','m','1982-10-12',NULL),
('30','Jane','Greenholt','m','2005-11-03',NULL),
('31','Caterina','Durgan','m','1973-07-25',NULL),
('32','Dallas','Reichert','f','2003-11-15',NULL),
('33','Vicenta','Ortiz','f','1980-09-24',NULL),
('34','Raul','Frami','f','2016-11-29',NULL),
('35','Brisa','Beer','f','2006-01-21',NULL),
('36','Pearline','Padberg','f','2003-08-14',NULL),
('37','Mae','Mayer','f','1998-09-11',NULL),
('38','Lacy','Thompson','f','1994-05-23',NULL),
('39','Cruz','Stehr','m','2005-04-21',NULL),
('40','Shayne','Weissnat','m','1998-08-12',NULL),
('41','Drake','Dickens','f','1982-01-22',NULL),
('42','Shea','Upton','f','1986-03-23',NULL),
('43','Charlotte','Hagenes','m','2003-08-11',NULL),
('44','Jamal','Robel','f','2006-09-13',NULL),
('45','John','Waters','m','2002-02-09',NULL),
('46','Guy','Towne','m','1985-08-14',NULL),
('47','Mariela','Vandervort','m','1982-07-19',NULL),
('48','Melody','Jones','m','2002-12-23',NULL),
('49','Darrel','Mraz','m','1995-05-14',NULL),
('50','Edmond','Ziemann','m','1984-04-27',NULL),
('51','Amani','Thiel','m','1990-11-07',NULL),
('52','Willa','Mayer','f','2013-08-21',NULL),
('53','Garry','Ullrich','m','2005-08-01',NULL),
('54','Johathan','Miller','f','1987-05-29',NULL),
('55','Saul','Lebsack','f','1984-11-07',NULL),
('56','Elda','Ullrich','m','1972-07-11',NULL),
('57','Yolanda','Cremin','f','1981-12-12',NULL),
('58','Lester','Huels','f','1996-10-17',NULL),
('59','Estevan','Brekke','f','1985-06-24',NULL),
('60','Kaylah','Schowalter','f','1977-08-17',NULL),
('61','Leilani','Padberg','f','1971-07-23',NULL),
('62','Lina','Bradtke','m','1981-12-26',NULL),
('63','Hans','Eichmann','f','1990-10-26',NULL),
('64','Lily','Beatty','m','1983-06-07',NULL),
('65','Sigurd','Goldner','f','2000-03-02',NULL),
('66','Clementine','Dare','m','1974-11-20',NULL),
('67','Charley','Mante','m','2007-06-19',NULL),
('68','Pamela','Lebsack','f','1977-06-08',NULL),
('69','Raquel','Tromp','f','1983-04-18',NULL),
('70','Luigi','Maggio','m','2016-08-04',NULL),
('71','Maxie','Hessel','m','2008-01-07',NULL),
('72','Jaqueline','Crona','f','2014-09-30',NULL),
('73','Marianna','Grant','f','2009-10-27',NULL),
('74','Talon','Jerde','f','1985-09-30',NULL),
('75','Margie','Dach','f','2007-03-14',NULL),
('76','Cornell','Rice','m','2018-08-19',NULL),
('77','Afton','Torphy','m','2017-11-22',NULL),
('78','Sibyl','O\'Keefe','m','1981-11-28',NULL),
('79','Christy','Hilpert','f','1977-06-17',NULL),
('80','Lamont','Herzog','m','1993-08-18',NULL),
('81','Rolando','Denesik','f','2012-01-03',NULL),
('82','Karine','Treutel','f','1971-09-08',NULL),
('83','Hallie','Hoeger','m','1974-05-21',NULL),
('84','Andreanne','Little','f','2007-10-02',NULL),
('85','Jordyn','Wisozk','m','1998-06-23',NULL),
('86','Harold','Price','f','1994-02-09',NULL),
('87','Reta','O\'Kon','f','1998-06-09',NULL),
('88','Summer','Walsh','f','2018-10-01',NULL),
('89','Connie','Mosciski','f','1971-12-07',NULL),
('90','Minnie','Roberts','f','1974-11-16',NULL),
('91','Chasity','Auer','f','1994-08-30',NULL),
('92','Alena','Ferry','m','1991-08-25',NULL),
('93','Carli','Parisian','f','2009-10-29',NULL),
('94','Kim','Farrell','m','1986-02-04',NULL),
('95','Darrel','Tremblay','m','1980-10-01',NULL),
('96','Mustafa','Tillman','f','1982-01-17',NULL),
('97','Krystel','Olson','m','1972-04-04',NULL),
('98','Zoie','Gerlach','m','1976-10-29',NULL),
('99','Tristin','Mosciski','f','1981-08-19',NULL),
('100','Seth','Baumbach','m','1988-06-02',NULL); 


DROP TABLE IF EXISTS `users`;
CREATE TABLE `users` (
  `id` bigint(20) unsigned NOT NULL AUTO_INCREMENT,
  `email` varchar(120) COLLATE utf8_unicode_ci NOT NULL,
  `phone` varchar(15) COLLATE utf8_unicode_ci NOT NULL,
  `pass` varchar(200) COLLATE utf8_unicode_ci NOT NULL,
  `created_at` datetime DEFAULT current_timestamp(),
  `visible_for` enum('all','frends_of_friends','friends') COLLATE utf8_unicode_ci DEFAULT 'all',
  `may_comment` tinyint(1) DEFAULT NULL,
  `may_massage` enum('all','frends_of_friends','friends') COLLATE utf8_unicode_ci DEFAULT 'all',
  `invite_to_community` enum('all','friends_of_friends','friends') COLLATE utf8_unicode_ci DEFAULT 'all',
  PRIMARY KEY (`id`),
  UNIQUE KEY `email` (`email`)
) ENGINE=InnoDB AUTO_INCREMENT=101 DEFAULT CHARSET=utf8 COLLATE=utf8_unicode_ci;

INSERT INTO `users` VALUES ('1','olson.talon@example.net','1-572-895-1723x','','2000-05-15 17:18:02','all',NULL,'friends','friends'),
('2','mosciski.darryl@example.com','172-060-9257x66','','1971-04-14 23:46:48','frends_of_friends',NULL,'friends','friends_of_friends'),
('3','qgutkowski@example.org','(700)595-1984','','1999-04-28 00:36:11','frends_of_friends',NULL,'friends','all'),
('4','beryl.grimes@example.org','(196)094-9320x5','','2001-12-03 08:09:17','frends_of_friends',NULL,'frends_of_friends','friends_of_friends'),
('5','hfeest@example.com','(786)223-2897','','1979-02-25 19:56:59','all',NULL,'frends_of_friends','friends'),
('6','chesley.kutch@example.com','483-399-5927','','1992-11-25 14:48:02','friends',NULL,'all','friends'),
('7','adriel91@example.net','07519514496','','2016-04-07 04:15:17','frends_of_friends',NULL,'frends_of_friends','friends_of_friends'),
('8','chauck@example.org','1-732-338-7093x','','1990-01-11 07:04:51','frends_of_friends',NULL,'friends','friends'),
('9','athena.cassin@example.com','05438361711','','1982-09-21 06:38:13','frends_of_friends',NULL,'all','friends'),
('10','mccullough.liliana@example.org','1-557-360-9043x','','1980-02-01 10:58:09','friends',NULL,'friends','all'),
('11','odie07@example.org','1-270-849-2420x','','1990-03-13 18:52:42','all',NULL,'frends_of_friends','friends_of_friends'),
('12','mcdermott.nicklaus@example.net','(295)687-3517','','1976-07-02 11:33:53','frends_of_friends',NULL,'friends','all'),
('13','bailey33@example.com','848-992-5669x39','','2014-05-17 08:33:20','friends',NULL,'all','friends'),
('14','vergie.hodkiewicz@example.net','08031785300','','2018-08-30 12:53:46','all',NULL,'friends','all'),
('15','pgreenholt@example.org','1-925-800-8321x','','1982-04-10 00:01:28','frends_of_friends',NULL,'frends_of_friends','friends'),
('16','alehner@example.com','04464461547','','1977-02-16 04:23:19','all',NULL,'all','friends'),
('17','kimberly.hintz@example.org','1-778-507-3151','','1977-02-21 12:14:25','all',NULL,'friends','friends'),
('18','cassandra24@example.net','603-988-9870','','1972-10-30 15:09:16','all',NULL,'friends','all'),
('19','eldred.mueller@example.com','1-126-998-0105x','','1977-08-12 20:18:00','all',NULL,'friends','friends_of_friends'),
('20','salvador.schumm@example.net','982-159-4742','','1973-04-05 16:32:38','friends',NULL,'all','friends'),
('21','shanelle.bosco@example.net','434.095.7048','','1996-08-19 23:47:17','all',NULL,'friends','friends_of_friends'),
('22','qgulgowski@example.org','1-421-575-3889x','','1998-09-09 00:09:52','frends_of_friends',NULL,'friends','friends'),
('23','fermin.mclaughlin@example.net','833.828.6316x03','','2014-03-25 12:35:28','all',NULL,'frends_of_friends','friends'),
('24','daisha.hahn@example.com','(100)043-6404','','1981-02-26 16:53:00','all',NULL,'friends','friends'),
('25','gus29@example.com','(493)992-6178x1','','2010-02-04 06:53:15','friends',NULL,'friends','all'),
('26','dkeebler@example.com','592.741.8463x15','','1997-09-18 13:01:11','frends_of_friends',NULL,'frends_of_friends','friends_of_friends'),
('27','sconn@example.org','558-892-1658','','2020-03-09 20:52:02','frends_of_friends',NULL,'friends','friends_of_friends'),
('28','dwight30@example.net','(712)569-1040x3','','2003-12-21 10:56:24','friends',NULL,'friends','friends_of_friends'),
('29','kayden.ziemann@example.com','338.312.3783x87','','2012-06-18 15:45:22','all',NULL,'frends_of_friends','friends'),
('30','monahan.elmo@example.com','1-193-425-6222x','','1978-08-02 12:46:32','friends',NULL,'friends','friends'),
('31','schultz.jacky@example.net','553.853.2107x07','','1979-02-03 23:18:04','all',NULL,'friends','friends'),
('32','ahmad.waters@example.org','1-056-966-8280','','2005-01-17 12:07:32','all',NULL,'all','all'),
('33','reta.nicolas@example.net','1-253-555-8324x','','1970-03-07 00:37:14','friends',NULL,'all','friends_of_friends'),
('34','trey53@example.com','02612231590','','2010-07-09 23:38:07','friends',NULL,'frends_of_friends','all'),
('35','mbergnaum@example.com','006-098-0415x47','','2015-11-03 17:28:04','friends',NULL,'friends','friends_of_friends'),
('36','carmella58@example.net','011-573-6924x15','','2016-03-18 13:05:19','friends',NULL,'friends','all'),
('37','alisa28@example.com','(144)629-8422','','2005-04-21 18:33:33','friends',NULL,'friends','friends'),
('38','bartell.joseph@example.com','1-890-987-2047x','','1984-12-28 19:04:18','all',NULL,'friends','friends'),
('39','gutkowski.addie@example.net','432-442-0599x72','','2011-04-30 03:34:39','all',NULL,'frends_of_friends','friends_of_friends'),
('40','dkonopelski@example.com','1-094-592-2901x','','1985-01-09 20:48:54','all',NULL,'friends','friends'),
('41','hyatt.litzy@example.net','(796)859-6449','','2000-02-10 03:54:04','frends_of_friends',NULL,'all','all'),
('42','irwin.johnston@example.net','268-724-1014','','2004-09-14 20:24:41','frends_of_friends',NULL,'frends_of_friends','all'),
('43','rbins@example.com','983-078-2737x87','','1978-06-08 03:39:16','friends',NULL,'all','friends_of_friends'),
('44','albina63@example.org','07607663195','','1996-10-03 05:06:11','friends',NULL,'frends_of_friends','all'),
('45','ford.metz@example.net','113-895-1361','','2009-12-18 12:24:43','all',NULL,'friends','friends_of_friends'),
('46','antonio.mayert@example.net','(712)933-9277','','1982-12-26 11:48:04','friends',NULL,'all','friends_of_friends'),
('47','rhuel@example.net','(296)881-7295x3','','1984-07-02 14:42:25','frends_of_friends',NULL,'all','friends_of_friends'),
('48','langworth.jade@example.net','923-575-0678','','1989-12-23 11:34:19','all',NULL,'friends','all'),
('49','yschulist@example.net','(288)099-0400x9','','1986-12-31 06:12:20','all',NULL,'frends_of_friends','friends_of_friends'),
('50','vada86@example.com','1-878-192-7729x','','2003-11-16 15:18:25','friends',NULL,'friends','all'),
('51','hkling@example.com','1-185-097-0433','','2016-10-05 14:06:20','all',NULL,'frends_of_friends','all'),
('52','chelsie.berge@example.net','1-870-019-9533','','2019-07-25 18:14:45','friends',NULL,'friends','friends'),
('53','jackeline.kertzmann@example.com','00657398763','','2015-04-20 16:59:14','frends_of_friends',NULL,'all','friends_of_friends'),
('54','kattie14@example.com','171.725.4192x34','','2018-01-09 19:08:55','all',NULL,'friends','all'),
('55','ulices.weimann@example.org','(817)884-9239','','1998-06-19 08:27:15','all',NULL,'all','all'),
('56','kelly23@example.com','(836)760-5490x4','','1995-06-05 02:37:19','frends_of_friends',NULL,'frends_of_friends','friends'),
('57','julius52@example.org','1-964-432-6776','','1996-08-15 12:09:52','all',NULL,'all','friends'),
('58','judah63@example.com','(454)287-6628x2','','2001-06-29 18:48:59','friends',NULL,'frends_of_friends','friends_of_friends'),
('59','hahn.rudolph@example.org','231-926-2858x19','','1980-07-12 15:56:06','frends_of_friends',NULL,'frends_of_friends','friends_of_friends'),
('60','nella.gulgowski@example.org','(495)390-3747x3','','2014-03-02 19:33:14','frends_of_friends',NULL,'frends_of_friends','all'),
('61','posinski@example.org','883.611.9939','','2000-09-10 22:44:48','all',NULL,'frends_of_friends','all'),
('62','vesta.mclaughlin@example.org','274-827-1598x53','','2020-03-12 02:16:39','friends',NULL,'friends','friends_of_friends'),
('63','huel.ramiro@example.com','(954)230-9044','','2010-08-18 00:54:39','all',NULL,'friends','all'),
('64','jalen.thiel@example.org','(477)419-6750','','1978-04-29 17:33:49','frends_of_friends',NULL,'all','friends_of_friends'),
('65','wtillman@example.net','364-083-3380x46','','2006-07-21 17:16:23','frends_of_friends',NULL,'frends_of_friends','friends_of_friends'),
('66','kristian.walker@example.net','1-299-526-6645x','','1991-10-29 11:12:03','all',NULL,'friends','all'),
('67','koepp.isadore@example.com','04162172528','','2010-03-29 02:42:11','frends_of_friends',NULL,'friends','friends_of_friends'),
('68','fadel.lia@example.org','05973557905','','2011-02-13 05:52:36','frends_of_friends',NULL,'friends','all'),
('69','bret.d\'amore@example.com','522.120.7272x88','','2005-09-27 09:52:05','friends',NULL,'all','friends'),
('70','afton48@example.net','(224)873-4008x7','','2011-04-27 07:45:57','all',NULL,'frends_of_friends','friends'),
('71','sophie67@example.org','1-489-505-6734x','','1981-02-16 21:16:19','friends',NULL,'friends','friends'),
('72','javon.mcdermott@example.net','+33(6)080790724','','2007-09-14 15:56:55','frends_of_friends',NULL,'frends_of_friends','all'),
('73','urodriguez@example.net','865-569-2008x06','','1989-12-25 20:44:37','frends_of_friends',NULL,'friends','friends_of_friends'),
('74','lowe.alaina@example.org','(779)166-5239','','2001-12-25 06:09:00','all',NULL,'all','friends_of_friends'),
('75','fswaniawski@example.org','1-962-651-9198x','','1971-07-26 17:51:48','friends',NULL,'friends','friends_of_friends'),
('76','harber.sharon@example.com','529.419.8230','','1990-11-12 07:40:02','friends',NULL,'frends_of_friends','all'),
('77','koepp.chris@example.com','1-722-665-2100x','','1997-12-06 00:00:34','all',NULL,'all','friends'),
('78','madisen.simonis@example.com','1-825-836-0028','','1997-05-15 20:20:48','friends',NULL,'all','friends_of_friends'),
('79','king.carlee@example.net','1-107-416-8154x','','1985-10-19 03:50:03','friends',NULL,'friends','all'),
('80','neil35@example.org','1-807-582-6879','','2002-09-16 13:03:31','friends',NULL,'all','friends_of_friends'),
('81','iwill@example.net','629-887-3321','','2001-04-24 19:21:22','friends',NULL,'all','friends'),
('82','koepp.ova@example.com','924-935-6219x97','','1978-01-10 12:30:31','all',NULL,'frends_of_friends','all'),
('83','yrodriguez@example.com','899.879.2253x83','','2017-10-25 01:18:41','frends_of_friends',NULL,'frends_of_friends','all'),
('84','trutherford@example.com','1-241-008-5228x','','2015-12-05 03:30:28','all',NULL,'frends_of_friends','all'),
('85','conner.block@example.net','1-748-054-3319x','','1984-09-23 13:08:19','all',NULL,'frends_of_friends','friends_of_friends'),
('86','ystokes@example.com','231.540.2575','','1993-04-22 16:10:36','friends',NULL,'friends','all'),
('87','moore.rhoda@example.com','030-030-1253x62','','1974-04-11 21:43:11','friends',NULL,'friends','friends'),
('88','dickens.sim@example.org','+94(1)065492109','','1980-05-23 02:25:05','frends_of_friends',NULL,'all','friends'),
('89','antonina48@example.org','(282)774-6583','','1979-04-27 05:26:05','friends',NULL,'all','friends'),
('90','mrosenbaum@example.com','364.595.7577','','2014-01-05 05:05:05','all',NULL,'frends_of_friends','all'),
('91','hunter80@example.com','1-329-975-0611','','2004-11-24 11:56:46','all',NULL,'all','friends'),
('92','pedro09@example.net','1-460-453-2411','','2001-06-19 21:10:59','friends',NULL,'frends_of_friends','all'),
('93','ksipes@example.com','752.113.0877','','1975-07-28 10:13:18','all',NULL,'all','all'),
('94','audra52@example.com','257.728.5259x38','','1999-11-14 09:00:46','frends_of_friends',NULL,'friends','friends_of_friends'),
('95','ankunding.roxane@example.com','(950)227-3126','','1986-05-19 21:49:33','all',NULL,'frends_of_friends','friends_of_friends'),
('96','ipadberg@example.com','1-473-442-2489x','','1978-09-04 11:24:03','all',NULL,'friends','friends_of_friends'),
('97','rempel.desmond@example.net','644-080-5945','','1971-03-21 04:46:52','all',NULL,'frends_of_friends','all'),
('98','nauer@example.net','589.593.5924x48','','2018-09-14 23:19:30','frends_of_friends',NULL,'frends_of_friends','friends_of_friends'),
('99','stephan.lynch@example.org','1-878-741-0783x','','1977-07-02 14:18:14','all',NULL,'all','friends_of_friends'),
('100','caroline.pagac@example.net','758-885-0566x17','','2007-06-20 06:56:04','all',NULL,'friends','friends'); 


DROP TABLE IF EXISTS `users_communities`;
CREATE TABLE `users_communities` (
  `community_id` bigint(20) unsigned NOT NULL,
  `user_id` bigint(20) unsigned NOT NULL,
  `is_admin` tinyint(1) DEFAULT NULL,
  PRIMARY KEY (`community_id`,`user_id`),
  KEY `user_id` (`user_id`),
  CONSTRAINT `users_communities_ibfk_1` FOREIGN KEY (`user_id`) REFERENCES `profiles` (`user_id`),
  CONSTRAINT `users_communities_ibfk_2` FOREIGN KEY (`community_id`) REFERENCES `communities` (`id`)
) ENGINE=InnoDB DEFAULT CHARSET=utf8 COLLATE=utf8_unicode_ci;

INSERT INTO `users_communities` VALUES ('1','1','1'),
('2','2','1'),
('3','3','1'),
('4','4','1'),
('5','5','0'),
('6','6','0'),
('7','7','0'),
('8','8','0'),
('9','9','0'),
('10','10','0'),
('11','11','1'),
('12','12','0'),
('13','13','1'),
('14','14','0'),
('15','15','1'),
('16','16','1'),
('17','17','0'),
('18','18','1'),
('19','19','1'),
('20','20','0'),
('21','21','0'),
('22','22','0'),
('23','23','1'),
('24','24','0'),
('25','25','0'),
('26','26','0'),
('27','27','0'),
('28','28','0'),
('29','29','1'),
('30','30','1'),
('31','31','1'),
('32','32','1'),
('33','33','1'),
('34','34','0'),
('35','35','1'),
('36','36','0'),
('37','37','1'),
('38','38','0'),
('39','39','1'),
('40','40','0'),
('41','41','1'),
('42','42','0'),
('43','43','0'),
('44','44','0'),
('45','45','0'),
('46','46','0'),
('47','47','0'),
('48','48','1'),
('49','49','0'),
('50','50','1'),
('51','51','1'),
('52','52','1'),
('53','53','0'),
('54','54','0'),
('55','55','0'),
('56','56','1'),
('57','57','0'),
('58','58','1'),
('59','59','0'),
('60','60','1'),
('61','61','0'),
('62','62','1'),
('63','63','1'),
('64','64','1'),
('65','65','0'),
('66','66','0'),
('67','67','1'),
('68','68','0'),
('69','69','0'),
('70','70','1'),
('71','71','0'),
('72','72','0'),
('73','73','0'),
('74','74','0'),
('75','75','0'),
('76','76','1'),
('77','77','1'),
('78','78','0'),
('79','79','1'),
('80','80','0'),
('81','81','1'),
('82','82','0'),
('83','83','1'),
('84','84','1'),
('85','85','1'),
('86','86','0'),
('87','87','0'),
('88','88','0'),
('89','89','0'),
('90','90','1'),
('91','91','0'),
('92','92','1'),
('93','93','1'),
('94','94','0'),
('95','95','0'),
('96','96','1'),
('97','97','0'),
('98','98','1'),
('99','99','1'),
('100','100','1'); 


DROP TABLE IF EXISTS `video`;
CREATE TABLE `video` (
  `id` bigint(20) unsigned NOT NULL AUTO_INCREMENT,
  `video_name` varchar(255) COLLATE utf8_unicode_ci DEFAULT NULL,
  `video_description` text COLLATE utf8_unicode_ci DEFAULT NULL,
  PRIMARY KEY (`id`)
) ENGINE=InnoDB AUTO_INCREMENT=101 DEFAULT CHARSET=utf8 COLLATE=utf8_unicode_ci;

INSERT INTO `video` VALUES ('1','quo','Cumque sit corporis nihil dolore atque molestiae. Repudiandae illum iure ducimus ipsa rem odio debitis. Natus laboriosam iusto est nobis. Deserunt delectus consequatur voluptatem aspernatur molestias aliquid accusamus. Iusto illum repellendus vel in.'),
('2','saepe','Dicta error optio accusantium repellat. Asperiores maiores nulla consequuntur quos eaque.'),
('3','laborum','Voluptatem reprehenderit est molestiae enim atque. Ut voluptatibus quod repellendus repellat omnis in tempore. Dolor ut qui placeat exercitationem numquam delectus est.'),
('4','est','Voluptatum aut non culpa corporis vel. Sed quos qui occaecati nihil non quae consequuntur dicta.'),
('5','aut','Omnis eveniet eius nulla saepe quisquam quo. Ea mollitia sed et quis laboriosam. Omnis laudantium occaecati voluptatem necessitatibus.'),
('6','alias','Et atque assumenda quod tenetur quo quam. Modi consequatur ex in deserunt non amet maiores.'),
('7','hic','Expedita sapiente fuga assumenda distinctio qui labore. Soluta qui illum nulla inventore adipisci. Voluptatem earum atque quos optio.'),
('8','officiis','Aperiam illo sequi ut sed. Rerum iusto at tempora. Est quasi deserunt dolorum sunt soluta nobis aperiam animi.'),
('9','et','Assumenda qui atque non sapiente. Eligendi esse voluptatem voluptatem occaecati nisi eum. Nihil commodi nihil a ex natus.'),
('10','sunt','Quia voluptas et aut dolor. Aut id et voluptatem omnis delectus perspiciatis consectetur. Enim a commodi eveniet deserunt.'),
('11','quasi','Excepturi magni deleniti sequi dicta doloremque sint. Fugiat pariatur laudantium officiis impedit repellat veritatis quasi ratione.'),
('12','voluptatem','Sit voluptatibus nam voluptatibus expedita corrupti ut nostrum. Odio dolore officiis minus in fugiat.'),
('13','assumenda','Aut minus excepturi cumque eos omnis et numquam. Enim est repellendus vitae esse nobis corporis odit. Velit mollitia et deleniti est molestias.'),
('14','unde','Voluptas pariatur consequatur sed vitae. Quam et non possimus quidem est. Dolore quia tempora esse. Et sed quibusdam non.'),
('15','corporis','Ratione ducimus omnis quia. Nostrum hic quo pariatur mollitia ipsa et eum quos. Et voluptas exercitationem facere.'),
('16','enim','Alias porro minus accusamus. Dolor corporis aut quas molestiae. Soluta illo ipsam aut odit a rem cumque aut. Vero numquam eum rerum labore alias corrupti.'),
('17','aliquam','Quia quo sint libero ex aut. Rerum aut quae dolorum aliquid ducimus ipsam vel est. Ea illo fuga et eaque. Quo commodi tenetur aut in voluptatem illo est. Eveniet et et molestias assumenda neque dolor.'),
('18','est','Cupiditate tempore reprehenderit dolor ab. Ut nemo dolores amet non et occaecati delectus. Placeat magnam officiis est nostrum. Veritatis nobis nulla aut et rerum eaque.'),
('19','error','Odio quis at ad. Sint voluptas repellat molestiae incidunt deserunt optio. Cumque quis voluptate sapiente corporis quos voluptatem esse.'),
('20','consequuntur','Est nam reiciendis provident consequatur minima. Eligendi dicta eos nihil harum ad est. Est quisquam placeat omnis qui voluptatem nisi. Inventore deleniti similique id adipisci adipisci.'),
('21','tempora','Commodi natus neque minus veniam. Dolores quaerat aut eum voluptatem ullam reiciendis. Praesentium est occaecati sed animi sunt quia odit. Aut nulla perferendis quia eos.'),
('22','ut','Totam quo nihil enim autem similique. Beatae dicta enim alias et recusandae nemo modi est. Praesentium non odio nihil totam rerum et.'),
('23','dicta','Debitis aut illo est est et. Occaecati et enim delectus dolores et ipsam. Sed ut tempora possimus dolores.'),
('24','qui','Numquam sed magni facere. Sit error autem illo et ut delectus harum expedita. Est rerum voluptates eius alias at. Quia tenetur reiciendis mollitia.'),
('25','nesciunt','Sed inventore tenetur voluptate quos sit. Cumque ea nostrum nihil et in et. Temporibus illum alias libero eius quia.'),
('26','voluptate','Asperiores suscipit vitae et. Voluptas autem non voluptas quae ut et suscipit. Qui officia aut vitae ipsa similique sint. Incidunt distinctio exercitationem at est.'),
('27','voluptas','Aperiam tenetur natus et repellat expedita. Commodi voluptates modi adipisci asperiores atque quia. Aperiam autem nemo consequatur officiis esse corrupti. Architecto unde repellat ut iure.'),
('28','nam','Ab recusandae ut et quaerat commodi. Dolorem nulla in repellendus sed. Sunt ipsum magni quia qui ut corrupti nihil fugit.'),
('29','aut','Nesciunt facilis dignissimos et autem facere earum. Aspernatur expedita in doloremque sapiente est animi eius.'),
('30','voluptatum','Quibusdam ipsa exercitationem molestiae itaque eum quae. Architecto laboriosam adipisci quibusdam et dignissimos occaecati aliquid. Ut eius dignissimos officiis perspiciatis sed veniam dolor. Sint iste illum aut fuga error qui.'),
('31','doloribus','Autem minima iure autem dolorem eum facere velit. Dolor eum ex et saepe quibusdam in dolores. Magni beatae vitae aut sit rerum accusamus harum rerum.'),
('32','odit','Consectetur et architecto enim porro culpa perferendis. Consequuntur quos qui odio eum. Maxime quos explicabo omnis et et ea.'),
('33','rerum','Quia doloribus eius odio est asperiores sint. Occaecati incidunt est sit. Dolores magni dolor fugit eius aliquam accusantium aut.'),
('34','occaecati','Voluptas voluptatem sed totam ut aut accusamus dolorum. Accusamus quasi id qui aperiam soluta. Quae ut consequatur dolor. Est ut aliquid voluptatem rerum non iure.'),
('35','culpa','Vero unde dicta velit dolore nemo. Optio itaque quo quae quia expedita ut. Hic qui doloremque velit ipsa.'),
('36','dicta','Sequi qui et temporibus eum harum voluptatem earum. Excepturi accusantium iste eaque sit recusandae. Velit voluptatem totam libero earum occaecati ad repellat. Aliquam aut exercitationem totam. Vitae dolores ut explicabo ut.'),
('37','dolorum','Minima magni veritatis debitis blanditiis aspernatur. Aut exercitationem nihil error libero. Inventore provident consectetur suscipit et voluptas et.'),
('38','quisquam','Quibusdam rerum quis excepturi sit dolor omnis dolorem aspernatur. Corporis placeat illum aut. Veniam et vero velit dolor et officia in veritatis. Fugiat amet qui voluptas perspiciatis ipsam.'),
('39','quasi','Natus et deserunt mollitia fuga et sit. In id quis autem itaque vero. Non quia a cum rerum.'),
('40','architecto','Nisi laboriosam amet sed nulla. Possimus laborum sit aspernatur quisquam quae iure corporis. Aut expedita error dolores quia quia ut eum laboriosam. Harum et mollitia earum ducimus sit est temporibus.'),
('41','dolorem','Id rerum molestiae explicabo hic voluptatem est officia et. Unde totam dolorem deleniti consequatur alias reiciendis. Aut suscipit aspernatur quis veritatis laborum. Ullam cum quidem voluptatem dignissimos fugiat.'),
('42','excepturi','Dolores voluptatem vel odio sit. Dolorem consequatur sunt quae consectetur. Autem occaecati neque ducimus et. Enim ipsa non nisi reiciendis nihil possimus.'),
('43','voluptatem','Qui eius consequatur quaerat qui explicabo. Nulla eligendi ipsam tempore ut ut dolorem facilis blanditiis. A ut nam eveniet rerum temporibus.'),
('44','ut','Dolorum repellat in eligendi neque itaque et aut. Sit natus dolores blanditiis reiciendis tempora voluptates quam. Voluptatem cum quod odio maiores excepturi enim.'),
('45','beatae','Iste ut autem reprehenderit qui officiis et explicabo. Facere quia quos et et enim alias. Velit et rerum et facere eos et.'),
('46','dolores','Molestiae provident distinctio dolor. Officia reiciendis similique et et vitae ipsa quaerat. Maiores et commodi pariatur ratione ut.'),
('47','in','Nam voluptatem quia recusandae facilis. Corporis omnis dolorum esse sunt in. Nisi consequatur quidem voluptas sunt.'),
('48','atque','Officiis culpa a quod corrupti culpa accusantium sed aut. Pariatur ut quo quaerat corporis tenetur. Esse qui similique repellendus aperiam.'),
('49','dolor','Sunt repellendus inventore quam placeat. Ut non velit error aperiam pariatur explicabo quos. Pariatur aut velit fugiat id fugit quia.'),
('50','aperiam','Eveniet animi non cupiditate atque amet beatae. Sapiente totam vero excepturi et. Tempore dolore rerum sunt repellat voluptatum.'),
('51','sed','Voluptas quibusdam eaque perferendis labore aut. Et dolorem repellat aut aperiam nulla. Dolor officiis molestiae perspiciatis est ab.'),
('52','esse','Pariatur odit sequi eius dicta dolorum quia sit. Quisquam quibusdam harum repellendus ipsum est ullam sequi. Voluptas sed dolorem ut. Vero animi est hic.'),
('53','ut','Ipsa molestiae consectetur in nulla. Et dolorem sit aliquam fugiat voluptatem tempore at.'),
('54','et','A inventore exercitationem consequatur quo. In enim autem consequatur quas accusamus officiis delectus. Et sunt et dignissimos minus minima.'),
('55','saepe','Molestiae voluptates consectetur voluptas aut. Nobis est a dolor vero magni. Dolorem qui laudantium natus voluptate quia. Sed nostrum et sint rerum non culpa facere. Velit illum rem est qui fugiat natus.'),
('56','velit','Ut commodi magnam rem officiis nemo odio quibusdam. Nam aut voluptas distinctio aut necessitatibus minus.'),
('57','ut','Ut ipsa sit veniam totam sit voluptatem. Fuga dicta asperiores vero ut numquam quos vitae. Vel facere voluptatibus maxime animi.'),
('58','perspiciatis','Ut nisi inventore ea et impedit ab officia. Qui voluptatem perferendis tempore fugiat. Quia eaque ea accusantium voluptatem.'),
('59','quia','Recusandae ratione et commodi ab necessitatibus eum qui sequi. Repellendus alias repellat dolor dolores ratione cumque cupiditate. Dolores suscipit recusandae dolorem accusamus qui quisquam. Eligendi veritatis tempore harum.'),
('60','maxime','Et voluptas vero dignissimos voluptatem. Quos exercitationem est ab molestiae aut doloribus. Sit voluptatem porro mollitia expedita autem.'),
('61','soluta','Architecto sit ad eligendi quia. Qui cupiditate est dolorem quia quisquam. Inventore architecto mollitia qui neque voluptas.'),
('62','quia','Enim nihil non magni dolorem ipsam officiis maxime. Dolor nulla et fugit beatae qui occaecati est. Repudiandae velit quisquam nulla id dolor enim et quia. Aliquid illo amet a in non quae temporibus. Et quas aut modi occaecati.'),
('63','voluptas','Exercitationem nostrum consequatur facilis quaerat hic. Voluptatum mollitia veritatis saepe ex. Soluta quo repudiandae et. Quia cum voluptatem eius sit.'),
('64','at','Incidunt modi libero ullam et eum corporis sit eligendi. Neque beatae voluptatum exercitationem incidunt et officiis. Magni id voluptatum placeat tempora non.'),
('65','natus','Voluptatem ratione enim culpa rerum repudiandae possimus facere. Quis reprehenderit architecto pariatur nisi et rerum illum.'),
('66','in','Est voluptatem voluptatum ipsum est a cupiditate sint. Qui natus et sed et. Exercitationem ab et sed perspiciatis mollitia. Ea est doloribus ab nihil aut aliquam. Incidunt cumque nihil et enim consequatur inventore.'),
('67','sit','Ullam suscipit corporis sit ab ut. Est aliquid autem laboriosam maxime eligendi inventore nulla. Ea qui ut fugiat quia assumenda placeat dolor similique. Maiores rem explicabo saepe et fugit et eligendi.'),
('68','ut','Asperiores libero voluptas minima ea minus aspernatur est. Sint velit sint sunt. Nostrum doloribus maxime explicabo qui iusto et voluptates.'),
('69','nam','Et iste est autem. Et soluta velit corrupti porro praesentium ut molestiae. Repudiandae aperiam cumque labore non. Dolorum quisquam blanditiis magnam sed sit dolores consequatur dolorem.'),
('70','et','Modi ducimus ducimus at qui ipsa. Dolor iste suscipit et cupiditate quo. Libero quia ipsum error unde.'),
('71','dignissimos','Adipisci aut velit non aut suscipit ipsum quis unde. Neque ipsa sit quam qui porro quasi. Ducimus non similique suscipit nulla et recusandae neque. Expedita sint omnis nulla voluptates dolores. Minus tenetur et dolore et.'),
('72','commodi','Sapiente ut quam magnam porro rem debitis. Rerum accusantium blanditiis at eius sapiente quae inventore. Minima in error magni molestiae saepe. Modi sed excepturi et molestiae excepturi nemo facilis expedita.'),
('73','natus','Natus est quia voluptates. Asperiores voluptas temporibus magnam maxime reprehenderit dolorem incidunt. Rerum laboriosam ratione deserunt. Quam ipsum ea recusandae quis.'),
('74','placeat','Eos error temporibus quos. Autem maiores natus dolores est. Voluptatem eos qui nam aut enim velit. Delectus veritatis aut adipisci.'),
('75','corporis','Maiores nostrum maiores eum sed maiores pariatur quo. Suscipit reiciendis rerum eius omnis voluptatibus accusantium ad. Pariatur fugiat recusandae debitis molestias commodi reprehenderit.'),
('76','sit','Corrupti saepe qui illum velit. Iste iure sint non sit qui perspiciatis necessitatibus iusto. Cupiditate nobis qui quia. Sint numquam dolorum praesentium fuga quia ut ut. Blanditiis nulla explicabo commodi.'),
('77','soluta','Laudantium eum iusto totam sunt sit reprehenderit quo. Quibusdam fugit saepe laboriosam ipsam itaque laboriosam. Qui et non sint sit ut eum voluptas. Dignissimos est earum sed doloremque eos et voluptatem laborum.'),
('78','a','Amet autem beatae perferendis accusantium et vel magni. Iusto a ea est dolores tempora consequatur deserunt rerum. Ab qui error cupiditate beatae voluptas omnis.'),
('79','pariatur','Dolor aut modi voluptas est. Est aspernatur voluptas qui culpa fuga numquam. Et est accusamus voluptatem magni. Molestiae dolor in id.'),
('80','saepe','At consequatur alias voluptates aspernatur rerum eligendi. Et non dolorum sunt est beatae. Non rem repellendus impedit voluptas delectus fugiat voluptatibus. Sit suscipit consequatur et.'),
('81','totam','Ut tempore optio dignissimos. Est aut nihil similique quo molestiae in. Ut nemo culpa nesciunt odio porro qui deleniti.'),
('82','eos','Laborum eum omnis veniam excepturi vel. Debitis fugiat in at earum omnis at. Maxime quis aut facere alias rerum molestiae. Esse repellat iure rerum et placeat. Perferendis est quisquam dolor qui tempora voluptatem.'),
('83','atque','Doloribus rerum deserunt aut nam. Possimus neque ea velit sequi praesentium accusamus earum. Ex est unde architecto nihil minima qui alias. Nihil atque consequuntur neque aliquid.'),
('84','aut','Alias reprehenderit consequatur vel et blanditiis aut ut qui. Distinctio quia atque assumenda aut aut.'),
('85','voluptates','Et nostrum ut voluptatem beatae. Rem et ducimus assumenda dolor deleniti. Sint molestiae impedit distinctio minus rerum et. Dolores tempora et sed quo.'),
('86','eum','Sint sunt autem odio nulla et dignissimos. Qui modi officiis mollitia. Omnis et fugiat illo aut doloribus nisi.'),
('87','velit','Voluptates neque esse est quas officia. Pariatur quidem adipisci qui nemo natus accusantium. Veniam rerum explicabo veritatis non consequatur.'),
('88','perferendis','Qui saepe et fuga provident. Totam sed impedit recusandae nulla delectus tenetur.'),
('89','nihil','Incidunt et et numquam sunt et rerum suscipit. Autem fugit unde et omnis non.'),
('90','illo','Vel nostrum est occaecati magni nesciunt veritatis. Officiis vel sit omnis exercitationem unde repellat aspernatur. Sint nihil consequatur est placeat itaque voluptatum sint.'),
('91','nulla','Laudantium in recusandae debitis qui ipsa minus. Omnis non adipisci sed ut. Fugit laudantium itaque voluptate et. Ut fuga dolorem beatae magni.'),
('92','nihil','Alias iste et nihil consequatur. Quo animi atque atque nam id asperiores. Nobis quisquam voluptas et tempore quo ut.'),
('93','velit','Delectus delectus magni odit fuga. In pariatur id omnis voluptatibus ullam. Numquam nam repellat ut quasi distinctio ratione dolorum. Quas explicabo reiciendis repudiandae voluptatem adipisci.'),
('94','nesciunt','Dolor provident sint quae eius minima. Illum doloremque voluptatem ab dolor assumenda vel magni. Quasi ut cumque nihil molestiae et.'),
('95','cum','Ex recusandae iure et voluptas minima possimus enim. Ratione aliquam dolor doloremque nam temporibus a omnis. Rerum voluptatem et quae perspiciatis nostrum officiis odio.'),
('96','perspiciatis','Et quas adipisci quasi rerum fugit. Nam non nisi tempora et quasi. Doloremque dolor tempora reiciendis dicta consequuntur ipsum consequatur quod. Dolores ea ut enim voluptatum dicta fugit voluptatem.'),
('97','et','Nulla ducimus debitis veniam iure et. Dignissimos qui illum et tempore. Id pariatur dolor laboriosam in et commodi. Sed adipisci maxime possimus est ea quia ratione accusantium. Delectus qui consectetur repudiandae ut voluptatum non expedita.'),
('98','dignissimos','Vitae laborum pariatur autem odio laboriosam voluptatem. Aut blanditiis aut enim. Soluta maxime architecto aut minus omnis temporibus ut alias.'),
('99','nulla','Vel repudiandae ea ullam aspernatur beatae et ducimus. Quas eum et totam temporibus enim sit est totam. Amet voluptas quos sed temporibus consectetur quia numquam. Excepturi quia itaque praesentium quidem sint consequuntur.'),
('100','eum','Aut assumenda quis autem veritatis laborum explicabo. Eaque laboriosam eius enim autem eum. Facere non autem et temporibus ea.'); 




/*!40101 SET SQL_MODE=@OLD_SQL_MODE */;
/*!40014 SET FOREIGN_KEY_CHECKS=@OLD_FOREIGN_KEY_CHECKS */;
/*!40014 SET UNIQUE_CHECKS=@OLD_UNIQUE_CHECKS */;
/*!40101 SET CHARACTER_SET_CLIENT=@OLD_CHARACTER_SET_CLIENT */;
/*!40101 SET CHARACTER_SET_RESULTS=@OLD_CHARACTER_SET_RESULTS */;
/*!40101 SET COLLATION_CONNECTION=@OLD_COLLATION_CONNECTION */;
/*!40111 SET SQL_NOTES=@OLD_SQL_NOTES */;

